season,round,circuitId,raceName,compound_hard,compound_medium,compound_soft,source
2018,1,albert_park,Australian Grand Prix,Soft,Supersoft,Ultrasoft,Pirelli Motorsport Official Nomination (press.pirelli.com / FIA Event Notes)
2018,2,bahrain,Bahrain Grand Prix,Medium,Soft,Supersoft,Pirelli Motorsport Official Nomination (press.pirelli.com / FIA Event Notes)
2018,3,shanghai,Chinese Grand Prix,Medium,Soft,Ultrasoft,Pirelli Motorsport Official Nomination (press.pirelli.com / FIA Event Notes)
2018,4,baku,Azerbaijan Grand Prix,Soft,Supersoft,Ultrasoft,Pirelli Motorsport Official Nomination (press.pirelli.com / FIA Event Notes)
2018,5,catalunya,Spanish Grand Prix,Medium,Soft,Supersoft,Pirelli Motorsport Official Nomination (press.pirelli.com / FIA Event Notes)
2018,6,monaco,Monaco Grand Prix,Supersoft,Ultrasoft,Hypersoft,Pirelli Motorsport Official Nomination (press.pirelli.com / FIA Event Notes)
2018,7,villeneuve,Canadian Grand Prix,Supersoft,Ultrasoft,Hypersoft,Pirelli Motorsport Official Nomination (press.pirelli.com / FIA Event Notes)
2018,8,ricard,French Grand Prix,Soft,Supersoft,Ultrasoft,Pirelli Motorsport Official Nomination (press.pirelli.com / FIA Event Notes)
2018,9,red_bull_ring,Austrian Grand Prix,Soft,Supersoft,Ultrasoft,Pirelli Motorsport Official Nomination (press.pirelli.com / FIA Event Notes)
2018,10,silverstone,British Grand Prix,Hard,Medium,Soft,Pirelli Motorsport Official Nomination (press.pirelli.com / FIA Event Notes)
2018,11,hockenheimring,German Grand Prix,Medium,Soft,Ultrasoft,Pirelli Motorsport Official Nomination (press.pirelli.com / FIA Event Notes)
2018,12,hungaroring,Hungarian Grand Prix,Medium,Soft,Ultrasoft,Pirelli Motorsport Official Nomination (press.pirelli.com / FIA Event Notes)
2018,13,spa,Belgian Grand Prix,Medium,Soft,Supersoft,Pirelli Motorsport Official Nomination (press.pirelli.com / FIA Event Notes)
2018,14,monza,Italian Grand Prix,Medium,Soft,Supersoft,Pirelli Motorsport Official Nomination (press.pirelli.com / FIA Event Notes)
2018,15,marina_bay,Singapore Grand Prix,Soft,Ultrasoft,Hypersoft,Pirelli Motorsport Official Nomination (press.pirelli.com / FIA Event Notes)
2018,16,sochi,Russian Grand Prix,Soft,Ultrasoft,Hypersoft,Pirelli Motorsport Official Nomination (press.pirelli.com / FIA Event Notes)
2018,17,suzuka,Japanese Grand Prix,Medium,Soft,Supersoft,Pirelli Motorsport Official Nomination (press.pirelli.com / FIA Event Notes)
2018,18,americas,United States Grand Prix,Soft,Supersoft,Ultrasoft,Pirelli Motorsport Official Nomination (press.pirelli.com / FIA Event Notes)
2018,19,rodriguez,Mexican Grand Prix,Supersoft,Ultrasoft,Hypersoft,Pirelli Motorsport Official Nomination (press.pirelli.com / FIA Event Notes)
2018,20,interlagos,Brazilian Grand Prix,Medium,Soft,Supersoft,Pirelli Motorsport Official Nomination (press.pirelli.com / FIA Event Notes)
2018,21,yas_marina,Abu Dhabi Grand Prix,Supersoft,Ultrasoft,Hypersoft,Pirelli Motorsport Official Nomination (press.pirelli.com / FIA Event Notes)
2019,1,albert_park,Australian Grand Prix,C2,C3,C4,Pirelli Motorsport Official Nomination (press.pirelli.com / FIA Event Notes)
2019,2,bahrain,Bahrain Grand Prix,C1,C2,C3,Pirelli Motorsport Official Nomination (press.pirelli.com / FIA Event Notes)
2019,3,shanghai,Chinese Grand Prix,C2,C3,C4,Pirelli Motorsport Official Nomination (press.pirelli.com / FIA Event Notes)
2019,4,baku,Azerbaijan Grand Prix,C2,C3,C4,Pirelli Motorsport Official Nomination (press.pirelli.com / FIA Event Notes)
2019,5,catalunya,Spanish Grand Prix,C1,C2,C3,Pirelli Motorsport Official Nomination (press.pirelli.com / FIA Event Notes)
2019,6,monaco,Monaco Grand Prix,C3,C4,C5,Pirelli Motorsport Official Nomination (press.pirelli.com / FIA Event Notes)
2019,7,villeneuve,Canadian Grand Prix,C3,C4,C5,Pirelli Motorsport Official Nomination (press.pirelli.com / FIA Event Notes)
2019,8,ricard,French Grand Prix,C2,C3,C4,Pirelli Motorsport Official Nomination (press.pirelli.com / FIA Event Notes)
2019,9,red_bull_ring,Austrian Grand Prix,C2,C3,C4,Pirelli Motorsport Official Nomination (press.pirelli.com / FIA Event Notes)
2019,10,silverstone,British Grand Prix,C1,C2,C3,Pirelli Motorsport Official Nomination (press.pirelli.com / FIA Event Notes)
2019,11,hockenheimring,German Grand Prix,C2,C3,C4,Pirelli Motorsport Official Nomination (press.pirelli.com / FIA Event Notes)
2019,12,hungaroring,Hungarian Grand Prix,C2,C3,C4,Pirelli Motorsport Official Nomination (press.pirelli.com / FIA Event Notes)
2019,13,spa,Belgian Grand Prix,C1,C2,C3,Pirelli Motorsport Official Nomination (press.pirelli.com / FIA Event Notes)
2019,14,monza,Italian Grand Prix,C2,C3,C4,Pirelli Motorsport Official Nomination (press.pirelli.com / FIA Event Notes)
2019,15,marina_bay,Singapore Grand Prix,C3,C4,C5,Pirelli Motorsport Official Nomination (press.pirelli.com / FIA Event Notes)
2019,16,sochi,Russian Grand Prix,C2,C3,C4,Pirelli Motorsport Official Nomination (press.pirelli.com / FIA Event Notes)
2019,17,suzuka,Japanese Grand Prix,C1,C2,C3,Pirelli Motorsport Official Nomination (press.pirelli.com / FIA Event Notes)
2019,18,rodriguez,Mexican Grand Prix,C2,C3,C4,Pirelli Motorsport Official Nomination (press.pirelli.com / FIA Event Notes)
2019,19,americas,United States Grand Prix,C2,C3,C4,Pirelli Motorsport Official Nomination (press.pirelli.com / FIA Event Notes)
2019,20,interlagos,Brazilian Grand Prix,C1,C2,C3,Pirelli Motorsport Official Nomination (press.pirelli.com / FIA Event Notes)
2019,21,yas_marina,Abu Dhabi Grand Prix,C3,C4,C5,Pirelli Motorsport Official Nomination (press.pirelli.com / FIA Event Notes)
2020,1,red_bull_ring,Austrian Grand Prix,C2,C3,C4,Pirelli Motorsport Official Nomination (press.pirelli.com / FIA Event Notes)
2020,2,red_bull_ring,Styrian Grand Prix,C2,C3,C4,Pirelli Motorsport Official Nomination (press.pirelli.com / FIA Event Notes)
2020,3,hungaroring,Hungarian Grand Prix,C2,C3,C4,Pirelli Motorsport Official Nomination (press.pirelli.com / FIA Event Notes)
2020,4,silverstone,British Grand Prix,C1,C2,C3,Pirelli Motorsport Official Nomination (press.pirelli.com / FIA Event Notes)
2020,5,silverstone,70th Anniversary Grand Prix,C2,C3,C4,Pirelli Motorsport Official Nomination (press.pirelli.com / FIA Event Notes)
2020,6,catalunya,Spanish Grand Prix,C1,C2,C3,Pirelli Motorsport Official Nomination (press.pirelli.com / FIA Event Notes)
2020,7,spa,Belgian Grand Prix,C2,C3,C4,Pirelli Motorsport Official Nomination (press.pirelli.com / FIA Event Notes)
2020,8,monza,Italian Grand Prix,C2,C3,C4,Pirelli Motorsport Official Nomination (press.pirelli.com / FIA Event Notes)
2020,9,mugello,Tuscan Grand Prix,C1,C2,C3,Pirelli Motorsport Official Nomination (press.pirelli.com / FIA Event Notes)
2020,10,sochi,Russian Grand Prix,C3,C4,C5,Pirelli Motorsport Official Nomination (press.pirelli.com / FIA Event Notes)
2020,11,nurburgring,Eifel Grand Prix,C2,C3,C4,Pirelli Motorsport Official Nomination (press.pirelli.com / FIA Event Notes)
2020,12,portimao,Portuguese Grand Prix,C1,C2,C3,Pirelli Motorsport Official Nomination (press.pirelli.com / FIA Event Notes)
2020,13,imola,Emilia Romagna Grand Prix,C2,C3,C4,Pirelli Motorsport Official Nomination (press.pirelli.com / FIA Event Notes)
2020,14,istanbul,Turkish Grand Prix,C1,C2,C3,Pirelli Motorsport Official Nomination (press.pirelli.com / FIA Event Notes)
2020,15,bahrain,Bahrain Grand Prix,C2,C3,C4,Pirelli Motorsport Official Nomination (press.pirelli.com / FIA Event Notes)
2020,16,bahrain,Sakhir Grand Prix,C2,C3,C4,Pirelli Motorsport Official Nomination (press.pirelli.com / FIA Event Notes)
2020,17,yas_marina,Abu Dhabi Grand Prix,C3,C4,C5,Pirelli Motorsport Official Nomination (press.pirelli.com / FIA Event Notes)
2021,1,bahrain,Bahrain Grand Prix,C2,C3,C4,Pirelli Motorsport Official Nomination (press.pirelli.com / FIA Event Notes)
2021,2,imola,Emilia Romagna Grand Prix,C2,C3,C4,Pirelli Motorsport Official Nomination (press.pirelli.com / FIA Event Notes)
2021,3,portimao,Portuguese Grand Prix,C1,C2,C3,Pirelli Motorsport Official Nomination (press.pirelli.com / FIA Event Notes)
2021,4,catalunya,Spanish Grand Prix,C1,C2,C3,Pirelli Motorsport Official Nomination (press.pirelli.com / FIA Event Notes)
2021,5,monaco,Monaco Grand Prix,C3,C4,C5,Pirelli Motorsport Official Nomination (press.pirelli.com / FIA Event Notes)
2021,6,baku,Azerbaijan Grand Prix,C3,C4,C5,Pirelli Motorsport Official Nomination (press.pirelli.com / FIA Event Notes)
2021,7,ricard,French Grand Prix,C2,C3,C4,Pirelli Motorsport Official Nomination (press.pirelli.com / FIA Event Notes)
2021,8,red_bull_ring,Styrian Grand Prix,C2,C3,C4,Pirelli Motorsport Official Nomination (press.pirelli.com / FIA Event Notes)
2021,9,red_bull_ring,Austrian Grand Prix,C3,C4,C5,Pirelli Motorsport Official Nomination (press.pirelli.com / FIA Event Notes)
2021,10,silverstone,British Grand Prix,C1,C2,C3,Pirelli Motorsport Official Nomination (press.pirelli.com / FIA Event Notes)
2021,11,hungaroring,Hungarian Grand Prix,C2,C3,C4,Pirelli Motorsport Official Nomination (press.pirelli.com / FIA Event Notes)
2021,12,spa,Belgian Grand Prix,C2,C3,C4,Pirelli Motorsport Official Nomination (press.pirelli.com / FIA Event Notes)
2021,13,zandvoort,Dutch Grand Prix,C1,C2,C3,Pirelli Motorsport Official Nomination (press.pirelli.com / FIA Event Notes)
2021,14,monza,Italian Grand Prix,C2,C3,C4,Pirelli Motorsport Official Nomination (press.pirelli.com / FIA Event Notes)
2021,15,sochi,Russian Grand Prix,C3,C4,C5,Pirelli Motorsport Official Nomination (press.pirelli.com / FIA Event Notes)
2021,16,istanbul,Turkish Grand Prix,C2,C3,C4,Pirelli Motorsport Official Nomination (press.pirelli.com / FIA Event Notes)
2021,17,americas,United States Grand Prix,C2,C3,C4,Pirelli Motorsport Official Nomination (press.pirelli.com / FIA Event Notes)
2021,18,rodriguez,Mexico City Grand Prix,C2,C3,C4,Pirelli Motorsport Official Nomination (press.pirelli.com / FIA Event Notes)
2021,19,interlagos,São Paulo Grand Prix,C2,C3,C4,Pirelli Motorsport Official Nomination (press.pirelli.com / FIA Event Notes)
2021,20,losail,Qatar Grand Prix,C1,C2,C3,Pirelli Motorsport Official Nomination (press.pirelli.com / FIA Event Notes)
2021,21,jeddah,Saudi Arabian Grand Prix,C2,C3,C4,Pirelli Motorsport Official Nomination (press.pirelli.com / FIA Event Notes)
2021,22,yas_marina,Abu Dhabi Grand Prix,C3,C4,C5,Pirelli Motorsport Official Nomination (press.pirelli.com / FIA Event Notes)
2022,1,bahrain,Bahrain Grand Prix,C1,C2,C3,Pirelli Motorsport Official Nomination (press.pirelli.com / FIA Event Notes)
2022,2,jeddah,Saudi Arabian Grand Prix,C2,C3,C4,Pirelli Motorsport Official Nomination (press.pirelli.com / FIA Event Notes)
2022,3,albert_park,Australian Grand Prix,C2,C3,C5,Pirelli Motorsport Official Nomination (press.pirelli.com / FIA Event Notes)
2022,4,imola,Emilia Romagna Grand Prix,C2,C3,C4,Pirelli Motorsport Official Nomination (press.pirelli.com / FIA Event Notes)
2022,5,miami,Miami Grand Prix,C2,C3,C4,Pirelli Motorsport Official Nomination (press.pirelli.com / FIA Event Notes)
2022,6,catalunya,Spanish Grand Prix,C1,C2,C3,Pirelli Motorsport Official Nomination (press.pirelli.com / FIA Event Notes)
2022,7,monaco,Monaco Grand Prix,C3,C4,C5,Pirelli Motorsport Official Nomination (press.pirelli.com / FIA Event Notes)
2022,8,baku,Azerbaijan Grand Prix,C3,C4,C5,Pirelli Motorsport Official Nomination (press.pirelli.com / FIA Event Notes)
2022,9,villeneuve,Canadian Grand Prix,C3,C4,C5,Pirelli Motorsport Official Nomination (press.pirelli.com / FIA Event Notes)
2022,10,silverstone,British Grand Prix,C1,C2,C3,Pirelli Motorsport Official Nomination (press.pirelli.com / FIA Event Notes)
2022,11,red_bull_ring,Austrian Grand Prix,C3,C4,C5,Pirelli Motorsport Official Nomination (press.pirelli.com / FIA Event Notes)
2022,12,ricard,French Grand Prix,C2,C3,C4,Pirelli Motorsport Official Nomination (press.pirelli.com / FIA Event Notes)
2022,13,hungaroring,Hungarian Grand Prix,C2,C3,C4,Pirelli Motorsport Official Nomination (press.pirelli.com / FIA Event Notes)
2022,14,spa,Belgian Grand Prix,C2,C3,C4,Pirelli Motorsport Official Nomination (press.pirelli.com / FIA Event Notes)
2022,15,zandvoort,Dutch Grand Prix,C1,C2,C3,Pirelli Motorsport Official Nomination (press.pirelli.com / FIA Event Notes)
2022,16,monza,Italian Grand Prix,C2,C3,C4,Pirelli Motorsport Official Nomination (press.pirelli.com / FIA Event Notes)
2022,17,marina_bay,Singapore Grand Prix,C3,C4,C5,Pirelli Motorsport Official Nomination (press.pirelli.com / FIA Event Notes)
2022,18,suzuka,Japanese Grand Prix,C1,C2,C3,Pirelli Motorsport Official Nomination (press.pirelli.com / FIA Event Notes)
2022,19,americas,United States Grand Prix,C2,C3,C4,Pirelli Motorsport Official Nomination (press.pirelli.com / FIA Event Notes)
2022,20,rodriguez,Mexico City Grand Prix,C2,C3,C4,Pirelli Motorsport Official Nomination (press.pirelli.com / FIA Event Notes)
2022,21,interlagos,São Paulo Grand Prix,C2,C3,C4,Pirelli Motorsport Official Nomination (press.pirelli.com / FIA Event Notes)
2022,22,yas_marina,Abu Dhabi Grand Prix,C3,C4,C5,Pirelli Motorsport Official Nomination (press.pirelli.com / FIA Event Notes)
2023,1,bahrain,Bahrain Grand Prix,C1,C2,C3,Pirelli Motorsport Official Nomination (press.pirelli.com / FIA Event Notes)
2023,2,jeddah,Saudi Arabian Grand Prix,C2,C3,C4,Pirelli Motorsport Official Nomination (press.pirelli.com / FIA Event Notes)
2023,3,albert_park,Australian Grand Prix,C2,C3,C4,Pirelli Motorsport Official Nomination (press.pirelli.com / FIA Event Notes)
2023,4,baku,Azerbaijan Grand Prix,C3,C4,C5,Pirelli Motorsport Official Nomination (press.pirelli.com / FIA Event Notes)
2023,5,miami,Miami Grand Prix,C2,C3,C4,Pirelli Motorsport Official Nomination (press.pirelli.com / FIA Event Notes)
2023,6,monaco,Monaco Grand Prix,C3,C4,C5,Pirelli Motorsport Official Nomination (press.pirelli.com / FIA Event Notes)
2023,7,catalunya,Spanish Grand Prix,C1,C2,C3,Pirelli Motorsport Official Nomination (press.pirelli.com / FIA Event Notes)
2023,8,villeneuve,Canadian Grand Prix,C3,C4,C5,Pirelli Motorsport Official Nomination (press.pirelli.com / FIA Event Notes)
2023,9,red_bull_ring,Austrian Grand Prix,C3,C4,C5,Pirelli Motorsport Official Nomination (press.pirelli.com / FIA Event Notes)
2023,10,silverstone,British Grand Prix,C1,C2,C3,Pirelli Motorsport Official Nomination (press.pirelli.com / FIA Event Notes)
2023,11,hungaroring,Hungarian Grand Prix,C3,C4,C5,Pirelli Motorsport Official Nomination (press.pirelli.com / FIA Event Notes)
2023,12,spa,Belgian Grand Prix,C2,C3,C4,Pirelli Motorsport Official Nomination (press.pirelli.com / FIA Event Notes)
2023,13,zandvoort,Dutch Grand Prix,C1,C2,C3,Pirelli Motorsport Official Nomination (press.pirelli.com / FIA Event Notes)
2023,14,monza,Italian Grand Prix,C3,C4,C5,Pirelli Motorsport Official Nomination (press.pirelli.com / FIA Event Notes)
2023,15,marina_bay,Singapore Grand Prix,C3,C4,C5,Pirelli Motorsport Official Nomination (press.pirelli.com / FIA Event Notes)
2023,16,suzuka,Japanese Grand Prix,C1,C2,C3,Pirelli Motorsport Official Nomination (press.pirelli.com / FIA Event Notes)
2023,17,losail,Qatar Grand Prix,C1,C2,C3,Pirelli Motorsport Official Nomination (press.pirelli.com / FIA Event Notes)
2023,18,americas,United States Grand Prix,C2,C3,C4,Pirelli Motorsport Official Nomination (press.pirelli.com / FIA Event Notes)
2023,19,rodriguez,Mexico City Grand Prix,C3,C4,C5,Pirelli Motorsport Official Nomination (press.pirelli.com / FIA Event Notes)
2023,20,interlagos,São Paulo Grand Prix,C2,C3,C4,Pirelli Motorsport Official Nomination (press.pirelli.com / FIA Event Notes)
2023,21,vegas,Las Vegas Grand Prix,C3,C4,C5,Pirelli Motorsport Official Nomination (press.pirelli.com / FIA Event Notes)
2023,22,yas_marina,Abu Dhabi Grand Prix,C3,C4,C5,Pirelli Motorsport Official Nomination (press.pirelli.com / FIA Event Notes)
2024,1,bahrain,Bahrain Grand Prix,C1,C2,C3,Pirelli Motorsport Official Nomination (press.pirelli.com / FIA Event Notes)
2024,2,jeddah,Saudi Arabian Grand Prix,C2,C3,C4,Pirelli Motorsport Official Nomination (press.pirelli.com / FIA Event Notes)
2024,3,albert_park,Australian Grand Prix,C3,C4,C5,Pirelli Motorsport Official Nomination (press.pirelli.com / FIA Event Notes)
2024,4,suzuka,Japanese Grand Prix,C1,C2,C3,Pirelli Motorsport Official Nomination (press.pirelli.com / FIA Event Notes)
2024,5,shanghai,Chinese Grand Prix,C2,C3,C4,Pirelli Motorsport Official Nomination (press.pirelli.com / FIA Event Notes)
2024,6,miami,Miami Grand Prix,C2,C3,C4,Pirelli Motorsport Official Nomination (press.pirelli.com / FIA Event Notes)
2024,7,imola,Emilia Romagna Grand Prix,C3,C4,C5,Pirelli Motorsport Official Nomination (press.pirelli.com / FIA Event Notes)
2024,8,monaco,Monaco Grand Prix,C3,C4,C5,Pirelli Motorsport Official Nomination (press.pirelli.com / FIA Event Notes)
2024,9,villeneuve,Canadian Grand Prix,C3,C4,C5,Pirelli Motorsport Official Nomination (press.pirelli.com / FIA Event Notes)
2024,10,catalunya,Spanish Grand Prix,C1,C2,C3,Pirelli Motorsport Official Nomination (press.pirelli.com / FIA Event Notes)
2024,11,red_bull_ring,Austrian Grand Prix,C3,C4,C5,Pirelli Motorsport Official Nomination (press.pirelli.com / FIA Event Notes)
2024,12,silverstone,British Grand Prix,C1,C2,C3,Pirelli Motorsport Official Nomination (press.pirelli.com / FIA Event Notes)
2024,13,hungaroring,Hungarian Grand Prix,C3,C4,C5,Pirelli Motorsport Official Nomination (press.pirelli.com / FIA Event Notes)
2024,14,spa,Belgian Grand Prix,C2,C3,C4,Pirelli Motorsport Official Nomination (press.pirelli.com / FIA Event Notes)
2024,15,zandvoort,Dutch Grand Prix,C1,C2,C3,Pirelli Motorsport Official Nomination (press.pirelli.com / FIA Event Notes)
2024,16,monza,Italian Grand Prix,C3,C4,C5,Pirelli Motorsport Official Nomination (press.pirelli.com / FIA Event Notes)
2024,17,baku,Azerbaijan Grand Prix,C3,C4,C5,Pirelli Motorsport Official Nomination (press.pirelli.com / FIA Event Notes)
2024,18,marina_bay,Singapore Grand Prix,C3,C4,C5,Pirelli Motorsport Official Nomination (press.pirelli.com / FIA Event Notes)
2024,19,americas,United States Grand Prix,C2,C3,C4,Pirelli Motorsport Official Nomination (press.pirelli.com / FIA Event Notes)
2024,20,rodriguez,Mexico City Grand Prix,C3,C4,C5,Pirelli Motorsport Official Nomination (press.pirelli.com / FIA Event Notes)
2024,21,interlagos,São Paulo Grand Prix,C3,C4,C5,Pirelli Motorsport Official Nomination (press.pirelli.com / FIA Event Notes)
2024,22,vegas,Las Vegas Grand Prix,C3,C4,C5,Pirelli Motorsport Official Nomination (press.pirelli.com / FIA Event Notes)
2024,23,losail,Qatar Grand Prix,C1,C2,C3,Pirelli Motorsport Official Nomination (press.pirelli.com / FIA Event Notes)
2024,24,yas_marina,Abu Dhabi Grand Prix,C3,C4,C5,Pirelli Motorsport Official Nomination (press.pirelli.com / FIA Event Notes)
2025,1,albert_park,Australian Grand Prix,C3,C4,C5,Pirelli Motorsport Official Nomination (press.pirelli.com / FIA Event Notes)
2025,2,shanghai,Chinese Grand Prix,C2,C3,C4,Pirelli Motorsport Official Nomination (press.pirelli.com / FIA Event Notes)
2025,3,suzuka,Japanese Grand Prix,C1,C2,C3,Pirelli Motorsport Official Nomination (press.pirelli.com / FIA Event Notes)
2025,4,bahrain,Bahrain Grand Prix,C1,C2,C3,Pirelli Motorsport Official Nomination (press.pirelli.com / FIA Event Notes)
2025,5,jeddah,Saudi Arabian Grand Prix,C2,C3,C4,Pirelli Motorsport Official Nomination (press.pirelli.com / FIA Event Notes)
2025,6,miami,Miami Grand Prix,C2,C3,C4,Pirelli Motorsport Official Nomination (press.pirelli.com / FIA Event Notes)
2025,7,imola,Emilia Romagna Grand Prix,C3,C4,C5,Pirelli Motorsport Official Nomination (press.pirelli.com / FIA Event Notes)
2025,8,monaco,Monaco Grand Prix,C3,C4,C5,Pirelli Motorsport Official Nomination (press.pirelli.com / FIA Event Notes)
2025,9,catalunya,Spanish Grand Prix,C1,C2,C3,Pirelli Motorsport Official Nomination (press.pirelli.com / FIA Event Notes)
2025,10,villeneuve,Canadian Grand Prix,C3,C4,C5,Pirelli Motorsport Official Nomination (press.pirelli.com / FIA Event Notes)
2025,11,red_bull_ring,Austrian Grand Prix,C3,C4,C5,Pirelli Motorsport Official Nomination (press.pirelli.com / FIA Event Notes)
2025,12,silverstone,British Grand Prix,C1,C2,C3,Pirelli Motorsport Official Nomination (press.pirelli.com / FIA Event Notes)
2025,13,spa,Belgian Grand Prix,C2,C3,C4,Pirelli Motorsport Official Nomination (press.pirelli.com / FIA Event Notes)
2025,14,hungaroring,Hungarian Grand Prix,C3,C4,C5,Pirelli Motorsport Official Nomination (press.pirelli.com / FIA Event Notes)
2025,15,zandvoort,Dutch Grand Prix,C1,C2,C3,Pirelli Motorsport Official Nomination (press.pirelli.com / FIA Event Notes)
2025,16,monza,Italian Grand Prix,C3,C4,C5,Pirelli Motorsport Official Nomination (press.pirelli.com / FIA Event Notes)
2025,17,baku,Azerbaijan Grand Prix,C3,C4,C5,Pirelli Motorsport Official Nomination (press.pirelli.com / FIA Event Notes)
2025,18,marina_bay,Singapore Grand Prix,C3,C4,C5,Pirelli Motorsport Official Nomination (press.pirelli.com / FIA Event Notes)
2025,19,americas,United States Grand Prix,C2,C3,C4,Pirelli Motorsport Official Nomination (press.pirelli.com / FIA Event Notes)
2025,20,rodriguez,Mexico City Grand Prix,C3,C4,C5,Pirelli Motorsport Official Nomination (press.pirelli.com / FIA Event Notes)
2025,21,interlagos,São Paulo Grand Prix,C3,C4,C5,Pirelli Motorsport Official Nomination (press.pirelli.com / FIA Event Notes)
2025,22,vegas,Las Vegas Grand Prix,C3,C4,C5,Pirelli Motorsport Official Nomination (press.pirelli.com / FIA Event Notes)
2025,23,losail,Qatar Grand Prix,C1,C2,C3,Pirelli Motorsport Official Nomination (press.pirelli.com / FIA Event Notes)
2025,24,yas_marina,Abu Dhabi Grand Prix,C3,C4,C5,Pirelli Motorsport Official Nomination (press.pirelli.com / FIA Event Notes)
