season,round,circuitId,raceName,air_temp_c,track_temp_c,humidity_pct,rainfall,weather_condition
2018,1,albert_park,Australian Grand Prix,22.2,36.9,62.6,0,Caluroso
2018,2,bahrain,Bahrain Grand Prix,31.4,42.5,59.2,0,Muy Caluroso
2018,3,shanghai,Chinese Grand Prix,24.7,35.1,54.5,0,Caluroso
2018,4,baku,Azerbaijan Grand Prix,25.6,37.5,58.7,0,Caluroso
2018,5,catalunya,Spanish Grand Prix,32.6,48.9,40.2,0,Muy Caluroso
2018,6,monaco,Monaco Grand Prix,22.3,33.5,52.4,0,Caluroso
2018,7,villeneuve,Canadian Grand Prix,21.2,29.7,46.4,0,Templado / Fresco
2018,8,ricard,French Grand Prix,32.8,50.7,41.8,0,Muy Caluroso
2018,9,red_bull_ring,Austrian Grand Prix,34.9,49.1,37.1,0,Muy Caluroso
2018,10,silverstone,British Grand Prix,21.9,36.2,48.3,0,Caluroso
2018,11,hockenheimring,German Grand Prix,22.0,25.8,85.5,1,Lluvia / Pista Húmeda
2018,12,hungaroring,Hungarian Grand Prix,19.9,22.4,86.8,1,Lluvia / Pista Húmeda
2018,13,spa,Belgian Grand Prix,22.4,30.4,46.1,0,Templado / Fresco
2018,14,monza,Italian Grand Prix,23.2,35.1,56.1,0,Caluroso
2018,15,marina_bay,Singapore Grand Prix,30.5,38.7,81.1,0,Caluroso
2018,16,sochi,Russian Grand Prix,23.1,35.7,63.5,0,Caluroso
2018,17,suzuka,Japanese Grand Prix,20.4,35.2,60.6,0,Caluroso
2018,18,americas,United States Grand Prix,25.6,34.7,50.9,0,Caluroso
2018,19,rodriguez,Mexican Grand Prix,23.2,37.1,61.0,0,Caluroso
2018,20,interlagos,Brazilian Grand Prix,21.1,29.3,60.9,0,Templado / Fresco
2018,21,yas_marina,Abu Dhabi Grand Prix,27.7,41.5,57.6,0,Caluroso
2019,1,albert_park,Australian Grand Prix,26.4,36.0,63.1,0,Caluroso
2019,2,bahrain,Bahrain Grand Prix,28.6,37.1,45.4,0,Caluroso
2019,3,shanghai,Chinese Grand Prix,21.7,34.3,64.0,0,Caluroso
2019,4,baku,Azerbaijan Grand Prix,23.8,37.1,52.0,0,Caluroso
2019,5,catalunya,Spanish Grand Prix,34.4,51.1,54.5,0,Muy Caluroso
2019,6,monaco,Monaco Grand Prix,26.4,39.9,53.4,0,Caluroso
2019,7,villeneuve,Canadian Grand Prix,25.1,33.6,55.8,0,Caluroso
2019,8,ricard,French Grand Prix,28.2,41.0,38.3,0,Caluroso
2019,9,red_bull_ring,Austrian Grand Prix,33.6,51.4,41.5,0,Muy Caluroso
2019,10,silverstone,British Grand Prix,25.6,40.1,60.3,0,Caluroso
2019,11,hockenheimring,German Grand Prix,17.4,21.3,81.5,1,Lluvia / Pista Húmeda
2019,12,hungaroring,Hungarian Grand Prix,30.9,47.9,51.8,0,Muy Caluroso
2019,13,spa,Belgian Grand Prix,24.7,39.4,60.9,0,Caluroso
2019,14,monza,Italian Grand Prix,24.4,34.6,59.7,0,Caluroso
2019,15,marina_bay,Singapore Grand Prix,32.8,45.6,82.6,0,Muy Caluroso
2019,16,sochi,Russian Grand Prix,22.6,36.8,55.2,0,Caluroso
2019,17,suzuka,Japanese Grand Prix,24.1,33.9,49.9,0,Caluroso
2019,18,rodriguez,Mexican Grand Prix,26.1,36.1,49.5,0,Caluroso
2019,19,americas,United States Grand Prix,24.9,36.9,45.5,0,Caluroso
2019,20,interlagos,Brazilian Grand Prix,22.1,34.4,53.8,0,Caluroso
2019,21,yas_marina,Abu Dhabi Grand Prix,27.8,41.3,56.7,0,Caluroso
2020,1,red_bull_ring,Austrian Grand Prix,30.4,43.6,50.8,0,Muy Caluroso
2020,2,red_bull_ring,Styrian Grand Prix,30.8,48.5,54.0,0,Muy Caluroso
2020,3,hungaroring,Hungarian Grand Prix,28.3,42.1,37.1,0,Muy Caluroso
2020,4,silverstone,British Grand Prix,23.2,37.5,46.8,0,Caluroso
2020,5,silverstone,70th Anniversary Grand Prix,21.3,31.0,58.7,0,Templado / Fresco
2020,6,catalunya,Spanish Grand Prix,34.5,49.7,41.2,0,Muy Caluroso
2020,7,spa,Belgian Grand Prix,26.5,39.3,54.7,0,Caluroso
2020,8,monza,Italian Grand Prix,26.1,38.9,58.3,0,Caluroso
2020,9,mugello,Tuscan Grand Prix,25.6,37.8,48.0,0,Caluroso
2020,10,sochi,Russian Grand Prix,22.9,36.8,64.6,0,Caluroso
2020,11,nurburgring,Eifel Grand Prix,25.1,33.3,50.3,0,Caluroso
2020,12,portimao,Portuguese Grand Prix,25.7,34.1,49.6,0,Caluroso
2020,13,imola,Emilia Romagna Grand Prix,22.4,36.5,50.1,0,Caluroso
2020,14,istanbul,Turkish Grand Prix,21.3,23.9,80.2,1,Lluvia / Pista Húmeda
2020,15,bahrain,Bahrain Grand Prix,26.6,38.6,41.2,0,Caluroso
2020,16,bahrain,Sakhir Grand Prix,28.0,38.0,53.1,0,Caluroso
2020,17,yas_marina,Abu Dhabi Grand Prix,26.7,36.4,65.0,0,Caluroso
2021,1,bahrain,Bahrain Grand Prix,27.7,39.7,44.6,0,Caluroso
2021,2,imola,Emilia Romagna Grand Prix,21.8,23.2,91.2,1,Lluvia / Pista Húmeda
2021,3,portimao,Portuguese Grand Prix,26.2,35.7,59.4,0,Caluroso
2021,4,catalunya,Spanish Grand Prix,32.3,49.3,44.8,0,Muy Caluroso
2021,5,monaco,Monaco Grand Prix,20.4,33.9,53.8,0,Caluroso
2021,6,baku,Azerbaijan Grand Prix,26.8,35.1,50.3,0,Caluroso
2021,7,ricard,French Grand Prix,30.1,46.1,46.5,0,Muy Caluroso
2021,8,red_bull_ring,Styrian Grand Prix,33.2,48.6,47.8,0,Muy Caluroso
2021,9,red_bull_ring,Austrian Grand Prix,34.0,46.7,50.2,0,Muy Caluroso
2021,10,silverstone,British Grand Prix,22.5,34.3,58.6,0,Caluroso
2021,11,hungaroring,Hungarian Grand Prix,31.7,45.5,45.6,0,Muy Caluroso
2021,12,spa,Belgian Grand Prix,20.8,23.0,81.5,1,Lluvia / Pista Húmeda
2021,13,zandvoort,Dutch Grand Prix,22.9,32.8,61.4,0,Caluroso
2021,14,monza,Italian Grand Prix,26.5,38.2,58.0,0,Caluroso
2021,15,sochi,Russian Grand Prix,18.7,22.3,94.4,1,Lluvia / Pista Húmeda
2021,16,istanbul,Turkish Grand Prix,22.1,31.1,47.9,0,Templado / Fresco
2021,17,americas,United States Grand Prix,21.7,35.7,59.1,0,Caluroso
2021,18,rodriguez,Mexico City Grand Prix,24.4,33.4,52.0,0,Caluroso
2021,19,interlagos,São Paulo Grand Prix,22.1,35.7,49.4,0,Caluroso
2021,20,losail,Qatar Grand Prix,26.8,38.5,60.0,0,Caluroso
2021,21,jeddah,Saudi Arabian Grand Prix,27.5,36.1,55.4,0,Caluroso
2021,22,yas_marina,Abu Dhabi Grand Prix,31.7,43.1,45.6,0,Muy Caluroso
2022,1,bahrain,Bahrain Grand Prix,28.2,37.8,52.0,0,Caluroso
2022,2,jeddah,Saudi Arabian Grand Prix,27.9,38.1,62.2,0,Caluroso
2022,3,albert_park,Australian Grand Prix,26.1,35.7,55.8,0,Caluroso
2022,4,imola,Emilia Romagna Grand Prix,18.7,21.1,90.9,1,Lluvia / Pista Húmeda
2022,5,miami,Miami Grand Prix,30.7,45.4,84.2,0,Muy Caluroso
2022,6,catalunya,Spanish Grand Prix,32.6,47.4,35.3,0,Muy Caluroso
2022,7,monaco,Monaco Grand Prix,19.1,20.8,86.0,1,Lluvia / Pista Húmeda
2022,8,baku,Azerbaijan Grand Prix,25.4,33.8,53.2,0,Caluroso
2022,9,villeneuve,Canadian Grand Prix,23.6,37.1,57.1,0,Caluroso
2022,10,silverstone,British Grand Prix,26.5,39.3,59.9,0,Caluroso
2022,11,red_bull_ring,Austrian Grand Prix,28.7,42.5,54.1,0,Muy Caluroso
2022,12,ricard,French Grand Prix,33.1,47.9,52.0,0,Muy Caluroso
2022,13,hungaroring,Hungarian Grand Prix,33.0,50.4,35.6,0,Muy Caluroso
2022,14,spa,Belgian Grand Prix,24.8,36.7,51.6,0,Caluroso
2022,15,zandvoort,Dutch Grand Prix,20.7,30.0,45.4,0,Templado / Fresco
2022,16,monza,Italian Grand Prix,25.3,34.6,47.9,0,Caluroso
2022,17,marina_bay,Singapore Grand Prix,30.2,39.8,82.7,1,Lluvia / Pista Húmeda
2022,18,suzuka,Japanese Grand Prix,18.5,22.3,82.8,1,Lluvia / Pista Húmeda
2022,19,americas,United States Grand Prix,26.6,34.6,59.3,0,Caluroso
2022,20,rodriguez,Mexico City Grand Prix,26.1,40.4,51.2,0,Caluroso
2022,21,interlagos,São Paulo Grand Prix,24.3,38.5,54.0,0,Caluroso
2022,22,yas_marina,Abu Dhabi Grand Prix,28.6,39.9,40.9,0,Caluroso
2023,1,bahrain,Bahrain Grand Prix,30.1,40.8,61.7,0,Caluroso
2023,2,jeddah,Saudi Arabian Grand Prix,29.6,41.1,62.0,0,Caluroso
2023,3,albert_park,Australian Grand Prix,21.1,34.5,55.2,0,Caluroso
2023,4,baku,Azerbaijan Grand Prix,20.5,31.5,45.6,0,Templado / Fresco
2023,5,miami,Miami Grand Prix,29.2,39.1,68.2,0,Caluroso
2023,6,monaco,Monaco Grand Prix,16.7,19.8,81.7,1,Lluvia / Pista Húmeda
2023,7,catalunya,Spanish Grand Prix,30.6,43.5,37.0,0,Muy Caluroso
2023,8,villeneuve,Canadian Grand Prix,20.9,31.6,46.2,0,Templado / Fresco
2023,9,red_bull_ring,Austrian Grand Prix,32.8,47.5,43.3,0,Muy Caluroso
2023,10,silverstone,British Grand Prix,24.1,36.3,61.2,0,Caluroso
2023,11,hungaroring,Hungarian Grand Prix,29.8,47.6,35.4,0,Muy Caluroso
2023,12,spa,Belgian Grand Prix,24.4,34.8,60.7,0,Caluroso
2023,13,zandvoort,Dutch Grand Prix,16.4,19.1,94.1,1,Lluvia / Pista Húmeda
2023,14,monza,Italian Grand Prix,24.3,35.7,62.7,0,Caluroso
2023,15,marina_bay,Singapore Grand Prix,32.4,40.5,83.2,0,Caluroso
2023,16,suzuka,Japanese Grand Prix,27.0,40.2,48.6,0,Caluroso
2023,17,losail,Qatar Grand Prix,31.2,38.2,63.1,0,Caluroso
2023,18,americas,United States Grand Prix,24.2,37.3,53.4,0,Caluroso
2023,19,rodriguez,Mexico City Grand Prix,22.5,31.6,60.4,0,Templado / Fresco
2023,20,interlagos,São Paulo Grand Prix,22.9,34.8,61.6,0,Caluroso
2023,21,vegas,Las Vegas Grand Prix,17.3,19.3,33.3,0,Templado / Fresco
2023,22,yas_marina,Abu Dhabi Grand Prix,30.6,41.7,54.9,0,Caluroso
2024,1,bahrain,Bahrain Grand Prix,28.1,41.8,53.1,0,Caluroso
2024,2,jeddah,Saudi Arabian Grand Prix,29.7,40.2,43.7,0,Caluroso
2024,3,albert_park,Australian Grand Prix,24.0,35.7,59.7,0,Caluroso
2024,4,suzuka,Japanese Grand Prix,23.8,33.8,48.1,0,Caluroso
2024,5,shanghai,Chinese Grand Prix,20.8,29.5,57.9,0,Templado / Fresco
2024,6,miami,Miami Grand Prix,29.6,38.5,82.3,0,Caluroso
2024,7,imola,Emilia Romagna Grand Prix,26.2,38.1,54.0,0,Caluroso
2024,8,monaco,Monaco Grand Prix,23.4,35.8,55.0,0,Caluroso
2024,9,villeneuve,Canadian Grand Prix,20.0,23.4,86.9,1,Lluvia / Pista Húmeda
2024,10,catalunya,Spanish Grand Prix,28.6,45.5,40.5,0,Muy Caluroso
2024,11,red_bull_ring,Austrian Grand Prix,28.6,41.5,46.1,0,Caluroso
2024,12,silverstone,British Grand Prix,18.7,19.8,80.9,1,Lluvia / Pista Húmeda
2024,13,hungaroring,Hungarian Grand Prix,34.9,52.5,52.3,0,Muy Caluroso
2024,14,spa,Belgian Grand Prix,22.3,34.8,56.9,0,Caluroso
2024,15,zandvoort,Dutch Grand Prix,25.8,39.5,56.9,0,Caluroso
2024,16,monza,Italian Grand Prix,24.6,34.9,51.2,0,Caluroso
2024,17,baku,Azerbaijan Grand Prix,22.9,35.4,46.7,0,Caluroso
2024,18,marina_bay,Singapore Grand Prix,30.6,43.0,75.5,0,Muy Caluroso
2024,19,americas,United States Grand Prix,23.7,36.5,51.4,0,Caluroso
2024,20,rodriguez,Mexico City Grand Prix,24.7,32.8,65.0,0,Caluroso
2024,21,interlagos,São Paulo Grand Prix,17.3,19.7,97.1,1,Lluvia / Pista Húmeda
2024,22,vegas,Las Vegas Grand Prix,17.7,21.6,31.6,0,Templado / Fresco
2024,23,losail,Qatar Grand Prix,30.9,40.6,51.6,0,Caluroso
2024,24,yas_marina,Abu Dhabi Grand Prix,29.6,43.0,58.1,0,Muy Caluroso
2025,1,albert_park,Australian Grand Prix,15.7,18.9,78.4,1,Lluvia
2025,2,shanghai,Chinese Grand Prix,27.2,35.8,18.2,0,Caluroso
2025,3,suzuka,Japanese Grand Prix,14.4,20.5,76.4,0,Templado
2025,4,bahrain,Bahrain Grand Prix,27.1,31.9,45.3,0,Caluroso
2025,5,jeddah,Saudi Arabian Grand Prix,29.5,37.8,62.7,0,Caluroso
2025,6,miami,Miami Grand Prix,26.6,38.7,63.0,1,Lluvia
2025,7,imola,Emilia Romagna Grand Prix,24.0,42.7,38.3,0,Muy caluroso
2025,8,monaco,Monaco Grand Prix,22.2,43.3,52.5,0,Muy caluroso
2025,9,catalunya,Spanish Grand Prix,29.1,48.5,54.6,0,Muy caluroso
2025,10,villeneuve,Canadian Grand Prix,24.0,49.3,28.0,1,Lluvia
2025,11,red_bull_ring,Austrian Grand Prix,30.3,49.2,32.0,0,Muy caluroso
2025,12,silverstone,British Grand Prix,17.9,23.6,78.4,1,Lluvia
2025,13,spa,Belgian Grand Prix,17.0,24.1,84.4,1,Lluvia
2025,14,hungaroring,Hungarian Grand Prix,22.0,32.0,57.1,0,Caluroso
2025,15,zandvoort,Dutch Grand Prix,20.1,28.0,71.2,0,Templado
2025,16,monza,Italian Grand Prix,26.8,43.3,42.6,0,Muy caluroso
2025,17,baku,Azerbaijan Grand Prix,20.6,26.1,59.8,0,Templado
2025,18,marina_bay,Singapore Grand Prix,29.1,33.9,74.4,1,Lluvia
2025,19,americas,United States Grand Prix,28.3,45.0,22.5,0,Muy caluroso
2025,20,rodriguez,Mexico City Grand Prix,26.4,50.6,23.2,0,Muy caluroso
2025,21,interlagos,São Paulo Grand Prix,17.3,30.7,70.6,0,Caluroso
2025,22,vegas,Las Vegas Grand Prix,16.7,19.5,37.8,0,Templado
2025,23,losail,Qatar Grand Prix,22.6,28.2,69.0,0,Templado
2025,24,yas_marina,Abu Dhabi Grand Prix,26.7,31.1,60.4,0,Caluroso
