id_piloto,nombre_piloto,constructor,n_carreras,perfil,pos_mediana,pct_en_puntos,paradas_prom,consistencia_seg,gestion_gomas,delta_lluvia,delta_sc,puestos_ganados_prom
hadjar,Isack Hadjar,RB F1 Team,21,Gestor de Midfield,11.0,0.47619047619047616,1.619047619047619,1.060952380952381,0.539348318561039,-4.573529411764706,-0.3055555555555557,-1.0476190476190477
hulkenberg,Nico Hulkenberg,Haas F1 Team,96,Gestor de Midfield,11.0,0.4479166666666667,1.7916666666666667,1.3771458333333333,0.5600307159000764,2.2023809523809526,2.382867132867133,1.0729166666666667
lawson,Liam Lawson,RB F1 Team,29,Gestor de Midfield,12.0,0.3448275862068966,1.7586206896551724,1.182896551724138,0.5312740539342882,-0.64,2.394230769230769,0.5517241379310345
tsunoda,Yuki Tsunoda,AlphaTauri,96,Gestor de Midfield,12.0,0.34375,2.0729166666666665,1.3576770833333331,0.5355006562366745,-1.9575577066269547,1.2614379084967322,0.5520833333333334
grosjean,Romain Grosjean,Haas F1 Team,40,Gestor de Midfield,13.0,0.275,1.575,1.4993500000000002,0.5686541273214245,-0.36036036036036034,0.606060606060606,0.0
kevin_magnussen,Kevin Magnussen,Haas F1 Team,100,Gestor de Midfield,13.0,0.3,1.79,1.4435200000000001,0.5506482376449418,0.8485958485958487,-0.9380032206119163,0.45
bortoleto,Gabriel Bortoleto,Sauber,19,Gestor de Midfield,14.0,0.2631578947368421,1.736842105263158,1.0522105263157895,0.5270719631307378,-0.9583333333333333,0.47777777777777775,0.47368421052631576
colapinto,Franco Colapinto,Alpine F1 Team,23,Gestor de Midfield,15.0,0.08695652173913043,1.6956521739130435,1.1938260869565216,0.5610283633384051,-4.133333333333334,-0.10769230769230775,1.2608695652173914
giovinazzi,Antonio Giovinazzi,Alfa Romeo,54,Oportunista de Caos,14.0,0.16666666666666666,1.8888888888888888,1.4667592592592593,0.5420418749620579,-0.5700000000000001,1.7225274725274726,1.2777777777777777
zhou,Guanyu Zhou,Alfa Romeo,57,Oportunista de Caos,14.0,0.12280701754385964,2.1228070175438596,1.4870877192982455,0.5114883083844768,0.6514285714285717,2.0357142857142856,2.0
mick_schumacher,Mick Schumacher,Haas F1 Team,36,Oportunista de Caos,15.5,0.05555555555555555,2.0,1.632111111111111,0.5058097823730212,-2.7225806451612904,1.896103896103896,0.9444444444444444
latifi,Nicholas Latifi,Williams,46,Oportunista de Caos,16.0,0.06521739130434782,2.0869565217391304,1.3584782608695654,0.5225195556078247,2.7738095238095237,1.7075268817204303,2.217391304347826
sargeant,Logan Sargeant,Williams,27,Oportunista de Caos,16.0,0.037037037037037035,2.1481481481481484,1.282185185185185,0.5339975927193138,-2.02,0.18421052631578938,1.3703703703703705
mazepin,Nikita Mazepin,Haas F1 Team,13,Oportunista de Caos,18.0,0.0,2.230769230769231,1.6711538461538462,0.46491651061177053,-0.9,1.8095238095238095,0.6923076923076923
kvyat,Daniil Kvyat,Toro Rosso,33,Piloto de Lluvia,10.0,0.5151515151515151,1.7272727272727273,1.5836666666666668,0.5363598656572703,5.467741935483871,1.2518796992481205,2.3636363636363638
bearman,Oliver Bearman,Haas F1 Team,24,Piloto de Lluvia,11.0,0.4583333333333333,1.6666666666666667,1.46525,0.5707693662615881,-0.22222222222222232,1.9999999999999996,3.3333333333333335
ericsson,Marcus Ericsson,Sauber,17,Piloto de Lluvia,11.0,0.35294117647058826,1.3529411764705883,1.4271764705882353,0.6733509830430381,-2.833333333333333,0.48571428571428577,4.0
stroll,Lance Stroll,Aston Martin,143,Piloto de Lluvia,12.0,0.4125874125874126,1.8601398601398602,1.4017062937062936,0.5363831896010404,-0.11544991511035674,0.8452054794520545,2.4685314685314683
brendon_hartley,Brendon Hartley,Toro Rosso,14,Piloto de Lluvia,12.5,0.21428571428571427,1.6428571428571428,1.5607857142857142,0.5910999974517155,-0.3333333333333335,1.3777777777777778,2.2857142857142856
vandoorne,Stoffel Vandoorne,McLaren,18,Piloto de Lluvia,12.5,0.2222222222222222,1.6111111111111112,1.532722222222222,0.6021903836396254,2.235294117647059,0.3333333333333335,3.888888888888889
sirotkin,Sergey Sirotkin,Williams,17,Piloto de Lluvia,15.0,0.058823529411764705,1.5294117647058822,1.4476470588235293,0.6305541153470807,2.5,1.2222222222222223,1.6470588235294117
kubica,Robert Kubica,Williams,17,Piloto de Lluvia,17.0,0.058823529411764705,1.8235294117647058,1.7858235294117648,0.5054344777473732,6.0625,2.2083333333333335,2.2941176470588234
antonelli,Andrea Kimi Antonelli,Mercedes,19,Élite Agresivo,6.0,0.7368421052631579,1.736842105263158,1.1318947368421053,0.5360867327763359,1.4,1.7386363636363638,1.368421052631579
bottas,Valtteri Bottas,Mercedes,129,Élite Agresivo,6.0,0.6201550387596899,1.7751937984496124,1.295046511627907,0.553481031831236,1.5403726708074532,-0.202020202020202,0.34108527131782945
perez,Sergio Perez,Red Bull,128,Élite Agresivo,6.0,0.828125,1.828125,1.344109375,0.5290544811640567,-1.3208020050125315,0.01904761904761898,2.390625
russell,George Russell,Mercedes,132,Élite Agresivo,6.0,0.6515151515151515,1.871212121212121,1.3862500000000002,0.5290166455800965,-1.2017543859649122,0.6528128587830081,1.0378787878787878
vettel,Sebastian Vettel,Ferrari,87,Élite Agresivo,7.0,0.6896551724137931,1.735632183908046,1.367,0.5415613405449302,3.517094017094017,0.26648936170212756,1.0689655172413792
alonso,Fernando Alonso,Aston Martin,111,Élite Agresivo,8.0,0.7297297297297297,1.837837837837838,1.3642972972972973,0.5348638172750312,-0.11447368421052628,0.23715029277813926,0.972972972972973
ocon,Esteban Ocon,Alpine F1 Team,126,Élite Agresivo,9.0,0.6031746031746031,1.6587301587301588,1.3298174603174602,0.5840039066997988,-0.7726415094339623,1.874905422446406,2.0
ricciardo,Daniel Ricciardo,McLaren,107,Élite Agresivo,9.0,0.5514018691588785,1.6542056074766356,1.3625327102803737,0.5707018464301681,-0.987689393939394,-0.1834733893557423,1.158878504672897
gasly,Pierre Gasly,Alpine F1 Team,145,Élite Agresivo,10.0,0.5172413793103449,1.7793103448275862,1.3777379310344826,0.5477470491235437,1.7419999999999998,0.23035850495804733,1.0482758620689656
albon,Alexander Albon,Williams,106,Élite Agresivo,11.0,0.4716981132075472,1.8396226415094339,1.3747924528301887,0.5420958908809719,0.27368421052631575,-0.09411764705882364,1.7547169811320755
raikkonen,Kimi Raikkonen,Alfa Romeo,70,Élite Agresivo,11.0,0.45714285714285713,1.6714285714285715,1.4146142857142856,0.5674844294467136,-2.8095238095238093,-1.0575657894736843,1.957142857142857
max_verstappen,Max Verstappen,Red Bull,155,Élite Metronómico,2.0,1.0,1.8580645161290323,1.2907806451612902,0.5296944309350593,0.09097370291400142,-1.1660559626915388,1.4451612903225806
hamilton,Lewis Hamilton,Mercedes,161,Élite Metronómico,3.0,0.968944099378882,1.813664596273292,1.30255900621118,0.539647214254221,0.38947024198822744,-0.896124031007752,1.2546583850931676
leclerc,Charles Leclerc,Ferrari,146,Élite Metronómico,4.0,0.9041095890410958,1.7534246575342465,1.2734109589041096,0.5335722672868033,-1.3975694444444444,0.024091850178806773,0.7808219178082192
piastri,Oscar Piastri,McLaren,65,Élite Metronómico,4.0,0.8615384615384616,1.8923076923076922,1.2786923076923076,0.5329507259544832,-0.898989898989899,0.880952380952381,0.2923076923076923
norris,Lando Norris,McLaren,137,Élite Metronómico,6.0,0.8832116788321168,1.8248175182481752,1.3213065693430657,0.5382535349227473,-0.27030812324929976,1.662046908315565,0.40145985401459855
sainz,Carlos Sainz,Ferrari,146,Élite Metronómico,6.0,0.8356164383561644,1.7397260273972603,1.3267876712328768,0.5394217110742348,-0.023255813953488413,0.8902255639097745,1.0205479452054795
