perfil,familia_circuito,puestos_ganados_prom,n_carreras
Piloto de Lluvia,Carga Lateral Extrema,2.83,70
Oportunista de Caos,Carga Lateral Extrema,1.41,63
Élite Agresivo,Carga Lateral Extrema,1.17,314
Gestor de Midfield,Carga Lateral Extrema,0.97,115
Élite Metronómico,Carga Lateral Extrema,0.9,220
Piloto de Lluvia,Laberintos Urbanos,2.07,67
Oportunista de Caos,Laberintos Urbanos,1.64,47
Élite Agresivo,Laberintos Urbanos,1.6,261
Élite Metronómico,Laberintos Urbanos,0.7,187
Gestor de Midfield,Laberintos Urbanos,-0.12,98
Piloto de Lluvia,Mixtos y Técnicos,2.7,71
Oportunista de Caos,Mixtos y Técnicos,1.54,65
Élite Metronómico,Mixtos y Técnicos,1.28,184
Gestor de Midfield,Mixtos y Técnicos,1.15,94
Élite Agresivo,Mixtos y Técnicos,1.04,281
Piloto de Lluvia,Stop-and-Go,2.92,75
Oportunista de Caos,Stop-and-Go,1.71,58
Élite Agresivo,Stop-and-Go,1.61,304
Élite Metronómico,Stop-and-Go,0.91,219
Gestor de Midfield,Stop-and-Go,0.22,117
