constructor,puestos_pista_fria,puestos_pista_caliente,diferencia,n_frio,n_caliente
Toro Rosso,2.81,1.05,-1.76,47,20
McLaren,1.32,0.12,-1.2,209,95
Aston Martin,1.94,0.97,-0.97,135,59
Alfa Romeo,1.92,1.04,-0.88,128,51
Racing Point,2.78,1.94,-0.83,45,18
Red Bull,2.07,1.39,-0.68,209,92
Haas F1 Team,0.9,0.42,-0.48,190,88
Mercedes,0.89,0.68,-0.21,220,96
Alpine F1 Team,1.36,1.31,-0.05,131,62
Ferrari,0.7,0.82,0.11,208,92
Renault,0.94,1.26,0.32,67,27
Sauber,1.88,2.42,0.54,77,38
Williams,1.67,2.23,0.56,190,78
AlphaTauri,0.92,1.5,0.58,99,40
RB F1 Team,-1.09,0.1,1.2,53,29
Force India,0.86,3.33,2.48,28,6
