id_circuito,nombre_circuito,localidad,pais,latitud,longitud,url_biografia,fuente
avus,AVUS,Berlin,Germany,52.4806,13.2514,http://en.wikipedia.org/wiki/AVUS,Base Oficial Ergast Motor Racing Database / Catálogo FIA de Circuitos
adelaide,Adelaide Street Circuit,Adelaide,Australia,-34.9272,138.617,http://en.wikipedia.org/wiki/Adelaide_Street_Circuit,Base Oficial Ergast Motor Racing Database / Catálogo FIA de Circuitos
ain-diab,Ain Diab,Casablanca,Morocco,33.5786,-7.6875,http://en.wikipedia.org/wiki/Ain-Diab_Circuit,Base Oficial Ergast Motor Racing Database / Catálogo FIA de Circuitos
aintree,Aintree,Liverpool,UK,53.4769,-2.9406,http://en.wikipedia.org/wiki/Aintree_Motor_Racing_Circuit,Base Oficial Ergast Motor Racing Database / Catálogo FIA de Circuitos
albert_park,Albert Park Grand Prix Circuit,Melbourne,Australia,-37.8497,144.968,http://en.wikipedia.org/wiki/Melbourne_Grand_Prix_Circuit,Base Oficial Ergast Motor Racing Database / Catálogo FIA de Circuitos
imola,Autodromo Enzo e Dino Ferrari,Imola,Italy,44.3439,11.7167,http://en.wikipedia.org/wiki/Autodromo_Enzo_e_Dino_Ferrari,Base Oficial Ergast Motor Racing Database / Catálogo FIA de Circuitos
rodriguez,Autodromo Hermanos Rodriguez,Mexico City,Mexico,19.4042,-99.0907,http://en.wikipedia.org/wiki/Aut%C3%B3dromo_Hermanos_Rodr%C3%ADguez,Base Oficial Ergast Motor Racing Database / Catálogo FIA de Circuitos
jacarepagua,Autodromo Internacional Nelson Piquet,Rio de Janeiro,Brazil,-22.9756,-43.395,http://en.wikipedia.org/wiki/Aut%C3%B3dromo_Internacional_Nelson_Piquet,Base Oficial Ergast Motor Racing Database / Catálogo FIA de Circuitos
portimao,Autodromo Internacional do Algarve,Portimao,Portugal,37.227,-8.6267,http://en.wikipedia.org/wiki/Algarve_International_Circuit,Base Oficial Ergast Motor Racing Database / Catálogo FIA de Circuitos
mugello,Autodromo Internazionale del Mugello,Mugello,Italy,43.9975,11.3719,http://en.wikipedia.org/wiki/Mugello_Circuit,Base Oficial Ergast Motor Racing Database / Catálogo FIA de Circuitos
interlagos,Autodromo Jose Carlos Pace,Sao Paulo,Brazil,-23.7036,-46.6997,http://en.wikipedia.org/wiki/Aut%C3%B3dromo_Jos%C3%A9_Carlos_Pace,Base Oficial Ergast Motor Racing Database / Catálogo FIA de Circuitos
galvez,Autodromo Juan y Oscar Galvez,Buenos Aires,Argentina,-34.6943,-58.4593,http://en.wikipedia.org/wiki/Aut%C3%B3dromo_Oscar_Alfredo_G%C3%A1lvez,Base Oficial Ergast Motor Racing Database / Catálogo FIA de Circuitos
monza,Autodromo Nazionale di Monza,Monza,Italy,45.6156,9.2811,http://en.wikipedia.org/wiki/Autodromo_Nazionale_Monza,Base Oficial Ergast Motor Racing Database / Catálogo FIA de Circuitos
estoril,Autodromo do Estoril,Estoril,Portugal,38.7506,-9.3942,http://en.wikipedia.org/wiki/Aut%C3%B3dromo_do_Estoril,Base Oficial Ergast Motor Racing Database / Catálogo FIA de Circuitos
bahrain,Bahrain International Circuit,Sakhir,Bahrain,26.0325,50.5106,http://en.wikipedia.org/wiki/Bahrain_International_Circuit,Base Oficial Ergast Motor Racing Database / Catálogo FIA de Circuitos
baku,Baku City Circuit,Baku,Azerbaijan,40.3725,49.8533,http://en.wikipedia.org/wiki/Baku_City_Circuit,Base Oficial Ergast Motor Racing Database / Catálogo FIA de Circuitos
brands_hatch,Brands Hatch,Kent,UK,51.3569,0.2631,http://en.wikipedia.org/wiki/Brands_Hatch,Base Oficial Ergast Motor Racing Database / Catálogo FIA de Circuitos
buddh,Buddh International Circuit,Uttar Pradesh,India,28.3487,77.5331,http://en.wikipedia.org/wiki/Buddh_International_Circuit,Base Oficial Ergast Motor Racing Database / Catálogo FIA de Circuitos
charade,Charade Circuit,Clermont-Ferrand,France,45.7472,3.0389,http://en.wikipedia.org/wiki/Charade_Circuit,Base Oficial Ergast Motor Racing Database / Catálogo FIA de Circuitos
bremgarten,Circuit Bremgarten,Bern,Switzerland,46.9589,7.4019,http://en.wikipedia.org/wiki/Circuit_Bremgarten,Base Oficial Ergast Motor Racing Database / Catálogo FIA de Circuitos
villeneuve,Circuit Gilles Villeneuve,Montreal,Canada,45.5,-73.5228,http://en.wikipedia.org/wiki/Circuit_Gilles_Villeneuve,Base Oficial Ergast Motor Racing Database / Catálogo FIA de Circuitos
tremblant,Circuit Mont-Tremblant,Quebec,Canada,46.1877,-74.6099,http://en.wikipedia.org/wiki/Circuit_Mont-Tremblant,Base Oficial Ergast Motor Racing Database / Catálogo FIA de Circuitos
zandvoort,Circuit Park Zandvoort,Zandvoort,Netherlands,52.3888,4.5409,http://en.wikipedia.org/wiki/Circuit_Zandvoort,Base Oficial Ergast Motor Racing Database / Catálogo FIA de Circuitos
ricard,Circuit Paul Ricard,Le Castellet,France,43.2506,5.7917,http://en.wikipedia.org/wiki/Paul_Ricard_Circuit,Base Oficial Ergast Motor Racing Database / Catálogo FIA de Circuitos
catalunya,Circuit de Barcelona-Catalunya,Montmelo,Spain,41.57,2.2611,http://en.wikipedia.org/wiki/Circuit_de_Barcelona-Catalunya,Base Oficial Ergast Motor Racing Database / Catálogo FIA de Circuitos
monaco,Circuit de Monaco,Monte-Carlo,Monaco,43.7347,7.4206,http://en.wikipedia.org/wiki/Circuit_de_Monaco,Base Oficial Ergast Motor Racing Database / Catálogo FIA de Circuitos
magny_cours,Circuit de Nevers Magny-Cours,Magny Cours,France,46.8642,3.1636,http://en.wikipedia.org/wiki/Circuit_de_Nevers_Magny-Cours,Base Oficial Ergast Motor Racing Database / Catálogo FIA de Circuitos
pedralbes,Circuit de Pedralbes,Barcelona,Spain,41.3903,2.1167,http://en.wikipedia.org/wiki/Pedralbes_Circuit,Base Oficial Ergast Motor Racing Database / Catálogo FIA de Circuitos
spa,Circuit de Spa-Francorchamps,Spa,Belgium,50.4372,5.9714,http://en.wikipedia.org/wiki/Circuit_de_Spa-Francorchamps,Base Oficial Ergast Motor Racing Database / Catálogo FIA de Circuitos
americas,Circuit of the Americas,Austin,USA,30.1328,-97.6411,http://en.wikipedia.org/wiki/Circuit_of_the_Americas,Base Oficial Ergast Motor Racing Database / Catálogo FIA de Circuitos
boavista,Circuito da Boavista,Oporto,Portugal,41.1705,-8.6732,http://en.wikipedia.org/wiki/Circuito_da_Boavista,Base Oficial Ergast Motor Racing Database / Catálogo FIA de Circuitos
jerez,Circuito de Jerez,Jerez de la Frontera,Spain,36.7083,-6.0342,http://en.wikipedia.org/wiki/Circuito_Permanente_de_Jerez,Base Oficial Ergast Motor Racing Database / Catálogo FIA de Circuitos
detroit,Detroit Street Circuit,Detroit,USA,42.3298,-83.0401,http://en.wikipedia.org/wiki/Detroit_street_circuit,Base Oficial Ergast Motor Racing Database / Catálogo FIA de Circuitos
dijon,Dijon-Prenois,Dijon,France,47.3625,4.8991,http://en.wikipedia.org/wiki/Dijon-Prenois,Base Oficial Ergast Motor Racing Database / Catálogo FIA de Circuitos
donington,Donington Park,Castle Donington,UK,52.8306,-1.3753,http://en.wikipedia.org/wiki/Donington_Park,Base Oficial Ergast Motor Racing Database / Catálogo FIA de Circuitos
dallas,Fair Park,Dallas,USA,32.7774,-96.7587,http://en.wikipedia.org/wiki/Fair_Park,Base Oficial Ergast Motor Racing Database / Catálogo FIA de Circuitos
fuji,Fuji Speedway,Oyama,Japan,35.3717,138.927,http://en.wikipedia.org/wiki/Fuji_Speedway,Base Oficial Ergast Motor Racing Database / Catálogo FIA de Circuitos
hockenheimring,Hockenheimring,Hockenheim,Germany,49.3278,8.5658,http://en.wikipedia.org/wiki/Hockenheimring,Base Oficial Ergast Motor Racing Database / Catálogo FIA de Circuitos
hungaroring,Hungaroring,Budapest,Hungary,47.5789,19.2486,http://en.wikipedia.org/wiki/Hungaroring,Base Oficial Ergast Motor Racing Database / Catálogo FIA de Circuitos
indianapolis,Indianapolis Motor Speedway,Indianapolis,USA,39.795,-86.2347,http://en.wikipedia.org/wiki/Indianapolis_Motor_Speedway,Base Oficial Ergast Motor Racing Database / Catálogo FIA de Circuitos
istanbul,Istanbul Park,Istanbul,Turkey,40.9517,29.405,http://en.wikipedia.org/wiki/Istanbul_Park,Base Oficial Ergast Motor Racing Database / Catálogo FIA de Circuitos
jarama,Jarama,Madrid,Spain,40.6171,-3.5856,http://en.wikipedia.org/wiki/Circuito_Permanente_Del_Jarama,Base Oficial Ergast Motor Racing Database / Catálogo FIA de Circuitos
jeddah,Jeddah Corniche Circuit,Jeddah,Saudi Arabia,21.6319,39.1044,http://en.wikipedia.org/wiki/Jeddah_Street_Circuit,Base Oficial Ergast Motor Racing Database / Catálogo FIA de Circuitos
yeongam,Korean International Circuit,Yeongam County,Korea,34.7333,126.417,http://en.wikipedia.org/wiki/Korean_International_Circuit,Base Oficial Ergast Motor Racing Database / Catálogo FIA de Circuitos
kyalami,Kyalami,Midrand,South Africa,-25.9894,28.0767,http://en.wikipedia.org/wiki/Kyalami,Base Oficial Ergast Motor Racing Database / Catálogo FIA de Circuitos
las_vegas,Las Vegas Street Circuit,Nevada,USA,36.1162,-115.174,http://en.wikipedia.org/wiki/Las_Vegas_Street_Circuit,Base Oficial Ergast Motor Racing Database / Catálogo FIA de Circuitos
vegas,Las Vegas Strip Street Circuit,Las Vegas,United States,36.1147,-115.173,https://en.wikipedia.org/wiki/Las_Vegas_Grand_Prix#Circuit,Base Oficial Ergast Motor Racing Database / Catálogo FIA de Circuitos
lemans,Le Mans,Le Mans,France,47.95,0.2242,http://en.wikipedia.org/wiki/Circuit_de_la_Sarthe#Bugatti_Circuit,Base Oficial Ergast Motor Racing Database / Catálogo FIA de Circuitos
long_beach,Long Beach,California,USA,33.7651,-118.189,"http://en.wikipedia.org/wiki/Long_Beach,_California",Base Oficial Ergast Motor Racing Database / Catálogo FIA de Circuitos
losail,Losail International Circuit,Al Daayen,Qatar,25.49,51.4542,http://en.wikipedia.org/wiki/Losail_International_Circuit,Base Oficial Ergast Motor Racing Database / Catálogo FIA de Circuitos
marina_bay,Marina Bay Street Circuit,Marina Bay,Singapore,1.2914,103.864,http://en.wikipedia.org/wiki/Marina_Bay_Street_Circuit,Base Oficial Ergast Motor Racing Database / Catálogo FIA de Circuitos
miami,Miami International Autodrome,Miami,USA,25.9581,-80.2389,http://en.wikipedia.org/wiki/Miami_International_Autodrome,Base Oficial Ergast Motor Racing Database / Catálogo FIA de Circuitos
monsanto,Monsanto Park Circuit,Lisbon,Portugal,38.7197,-9.2031,http://en.wikipedia.org/wiki/Monsanto_Park_Circuit,Base Oficial Ergast Motor Racing Database / Catálogo FIA de Circuitos
montjuic,Montjuic,Barcelona,Spain,41.3664,2.1517,http://en.wikipedia.org/wiki/Montju%C3%AFc_circuit,Base Oficial Ergast Motor Racing Database / Catálogo FIA de Circuitos
mosport,Mosport International Raceway,Ontario,Canada,44.0481,-78.6756,http://en.wikipedia.org/wiki/Mosport,Base Oficial Ergast Motor Racing Database / Catálogo FIA de Circuitos
nivelles,Nivelles-Baulers,Brussels,Belgium,50.6211,4.3269,http://en.wikipedia.org/wiki/Nivelles-Baulers,Base Oficial Ergast Motor Racing Database / Catálogo FIA de Circuitos
nurburgring,Nurburgring,Nurburg,Germany,50.3356,6.9475,http://en.wikipedia.org/wiki/N%C3%BCrburgring,Base Oficial Ergast Motor Racing Database / Catálogo FIA de Circuitos
okayama,Okayama International Circuit,Okayama,Japan,34.915,134.221,http://en.wikipedia.org/wiki/TI_Circuit,Base Oficial Ergast Motor Racing Database / Catálogo FIA de Circuitos
pescara,Pescara Circuit,Pescara,Italy,42.475,14.1508,http://en.wikipedia.org/wiki/Pescara_Circuit,Base Oficial Ergast Motor Racing Database / Catálogo FIA de Circuitos
phoenix,Phoenix street circuit,Phoenix,USA,33.4479,-112.075,http://en.wikipedia.org/wiki/Phoenix_street_circuit,Base Oficial Ergast Motor Racing Database / Catálogo FIA de Circuitos
george,Prince George Circuit,Eastern Cape Province,South Africa,-33.0486,27.8736,http://en.wikipedia.org/wiki/Prince_George_Circuit,Base Oficial Ergast Motor Racing Database / Catálogo FIA de Circuitos
red_bull_ring,Red Bull Ring,Spielberg,Austria,47.2197,14.7647,http://en.wikipedia.org/wiki/Red_Bull_Ring,Base Oficial Ergast Motor Racing Database / Catálogo FIA de Circuitos
reims,Reims-Gueux,Reims,France,49.2542,3.9308,http://en.wikipedia.org/wiki/Reims-Gueux,Base Oficial Ergast Motor Racing Database / Catálogo FIA de Circuitos
riverside,Riverside International Raceway,California,USA,33.937,-117.273,http://en.wikipedia.org/wiki/Riverside_International_Raceway,Base Oficial Ergast Motor Racing Database / Catálogo FIA de Circuitos
essarts,Rouen-Les-Essarts,Rouen,France,49.3306,1.0046,http://en.wikipedia.org/wiki/Rouen-Les-Essarts,Base Oficial Ergast Motor Racing Database / Catálogo FIA de Circuitos
anderstorp,Scandinavian Raceway,Anderstorp,Sweden,57.2653,13.6042,http://en.wikipedia.org/wiki/Scandinavian_Raceway,Base Oficial Ergast Motor Racing Database / Catálogo FIA de Circuitos
sebring,Sebring International Raceway,Florida,USA,27.4547,-81.3483,http://en.wikipedia.org/wiki/Sebring_Raceway,Base Oficial Ergast Motor Racing Database / Catálogo FIA de Circuitos
sepang,Sepang International Circuit,Kuala Lumpur,Malaysia,2.7608,101.738,http://en.wikipedia.org/wiki/Sepang_International_Circuit,Base Oficial Ergast Motor Racing Database / Catálogo FIA de Circuitos
shanghai,Shanghai International Circuit,Shanghai,China,31.3389,121.22,http://en.wikipedia.org/wiki/Shanghai_International_Circuit,Base Oficial Ergast Motor Racing Database / Catálogo FIA de Circuitos
silverstone,Silverstone Circuit,Silverstone,UK,52.0786,-1.0169,http://en.wikipedia.org/wiki/Silverstone_Circuit,Base Oficial Ergast Motor Racing Database / Catálogo FIA de Circuitos
sochi,Sochi Autodrom,Sochi,Russia,43.4057,39.9578,http://en.wikipedia.org/wiki/Sochi_Autodrom,Base Oficial Ergast Motor Racing Database / Catálogo FIA de Circuitos
suzuka,Suzuka Circuit,Suzuka,Japan,34.8431,136.541,http://en.wikipedia.org/wiki/Suzuka_Circuit,Base Oficial Ergast Motor Racing Database / Catálogo FIA de Circuitos
valencia,Valencia Street Circuit,Valencia,Spain,39.4589,-0.3317,http://en.wikipedia.org/wiki/Valencia_Street_Circuit,Base Oficial Ergast Motor Racing Database / Catálogo FIA de Circuitos
watkins_glen,Watkins Glen,New York State,USA,42.3369,-76.9272,http://en.wikipedia.org/wiki/Watkins_Glen_International,Base Oficial Ergast Motor Racing Database / Catálogo FIA de Circuitos
yas_marina,Yas Marina Circuit,Abu Dhabi,UAE,24.4672,54.6031,http://en.wikipedia.org/wiki/Yas_Marina_Circuit,Base Oficial Ergast Motor Racing Database / Catálogo FIA de Circuitos
zeltweg,Zeltweg,Styria,Austria,47.2039,14.7478,http://en.wikipedia.org/wiki/Zeltweg_Airfield,Base Oficial Ergast Motor Racing Database / Catálogo FIA de Circuitos
zolder,Zolder,Heusden-Zolder,Belgium,50.9894,5.2569,http://en.wikipedia.org/wiki/Zolder,Base Oficial Ergast Motor Racing Database / Catálogo FIA de Circuitos
