id_constructor,nombre_constructor,nacionalidad,url_biografia,fuente
adams,Adams,American,http://en.wikipedia.org/wiki/Adams_(constructor),Base Oficial Ergast Motor Racing Database / Registro Oficial FIA
afm,AFM,German,http://en.wikipedia.org/wiki/Alex_von_Falkenhausen_Motorenbau,Base Oficial Ergast Motor Racing Database / Registro Oficial FIA
ags,AGS,French,http://en.wikipedia.org/wiki/Automobiles_Gonfaronnaises_Sportives,Base Oficial Ergast Motor Racing Database / Registro Oficial FIA
alfa,Alfa Romeo,Swiss,http://en.wikipedia.org/wiki/Alfa_Romeo_in_Formula_One,Base Oficial Ergast Motor Racing Database / Registro Oficial FIA
alphatauri,AlphaTauri,Italian,http://en.wikipedia.org/wiki/Scuderia_AlphaTauri,Base Oficial Ergast Motor Racing Database / Registro Oficial FIA
alpine,Alpine F1 Team,French,http://en.wikipedia.org/wiki/Alpine_F1_Team,Base Oficial Ergast Motor Racing Database / Registro Oficial FIA
alta,Alta,British,http://en.wikipedia.org/wiki/Alta_auto_racing_team,Base Oficial Ergast Motor Racing Database / Registro Oficial FIA
amon,Amon,New Zealander,http://en.wikipedia.org/wiki/Amon_(Formula_One_team),Base Oficial Ergast Motor Racing Database / Registro Oficial FIA
apollon,Apollon,Swiss,http://en.wikipedia.org/wiki/Apollon_(Formula_One),Base Oficial Ergast Motor Racing Database / Registro Oficial FIA
arrows,Arrows,British,http://en.wikipedia.org/wiki/Arrows_Grand_Prix_International,Base Oficial Ergast Motor Racing Database / Registro Oficial FIA
arzani-volpini,Arzani-Volpini,Italian,http://en.wikipedia.org/wiki/Arzani-Volpini,Base Oficial Ergast Motor Racing Database / Registro Oficial FIA
aston_martin,Aston Martin,British,http://en.wikipedia.org/wiki/Aston_Martin_in_Formula_One,Base Oficial Ergast Motor Racing Database / Registro Oficial FIA
ats,ATS,Italian,http://en.wikipedia.org/wiki/ATS_(wheels),Base Oficial Ergast Motor Racing Database / Registro Oficial FIA
bar,BAR,British,http://en.wikipedia.org/wiki/British_American_Racing,Base Oficial Ergast Motor Racing Database / Registro Oficial FIA
behra-porsche,Behra-Porsche,Italian,http://en.wikipedia.org/wiki/Behra-Porsche,Base Oficial Ergast Motor Racing Database / Registro Oficial FIA
bellasi,Bellasi,Swiss,http://en.wikipedia.org/wiki/Bellasi,Base Oficial Ergast Motor Racing Database / Registro Oficial FIA
benetton,Benetton,Italian,http://en.wikipedia.org/wiki/Benetton_Formula,Base Oficial Ergast Motor Racing Database / Registro Oficial FIA
bmw,BMW,German,http://en.wikipedia.org/wiki/BMW,Base Oficial Ergast Motor Racing Database / Registro Oficial FIA
bmw_sauber,BMW Sauber,German,http://en.wikipedia.org/wiki/BMW_Sauber,Base Oficial Ergast Motor Racing Database / Registro Oficial FIA
boro,Boro,Dutch,http://en.wikipedia.org/wiki/Boro_(Formula_One),Base Oficial Ergast Motor Racing Database / Registro Oficial FIA
brabham,Brabham,British,http://en.wikipedia.org/wiki/Brabham,Base Oficial Ergast Motor Racing Database / Registro Oficial FIA
brabham-alfa_romeo,Brabham-Alfa Romeo,British,http://en.wikipedia.org/wiki/Brabham,Base Oficial Ergast Motor Racing Database / Registro Oficial FIA
brabham-brm,Brabham-BRM,British,http://en.wikipedia.org/wiki/Brabham,Base Oficial Ergast Motor Racing Database / Registro Oficial FIA
brabham-climax,Brabham-Climax,British,http://en.wikipedia.org/wiki/Brabham,Base Oficial Ergast Motor Racing Database / Registro Oficial FIA
brabham-ford,Brabham-Ford,British,http://en.wikipedia.org/wiki/Brabham,Base Oficial Ergast Motor Racing Database / Registro Oficial FIA
brabham-repco,Brabham-Repco,British,http://en.wikipedia.org/wiki/Brabham,Base Oficial Ergast Motor Racing Database / Registro Oficial FIA
brawn,Brawn,British,http://en.wikipedia.org/wiki/Brawn_GP,Base Oficial Ergast Motor Racing Database / Registro Oficial FIA
brm,BRM,British,http://en.wikipedia.org/wiki/BRM,Base Oficial Ergast Motor Racing Database / Registro Oficial FIA
brm-ford,BRM-Ford,British,http://en.wikipedia.org/wiki/BRM,Base Oficial Ergast Motor Racing Database / Registro Oficial FIA
bromme,Bromme,American,http://en.wikipedia.org/wiki/Bromme,Base Oficial Ergast Motor Racing Database / Registro Oficial FIA
brp,BRP,British,http://en.wikipedia.org/wiki/British_Racing_Partnership,Base Oficial Ergast Motor Racing Database / Registro Oficial FIA
bugatti,Bugatti,French,http://en.wikipedia.org/wiki/Bugatti,Base Oficial Ergast Motor Racing Database / Registro Oficial FIA
butterworth,Aston Butterworth,British,http://en.wikipedia.org/wiki/Aston_Butterworth,Base Oficial Ergast Motor Racing Database / Registro Oficial FIA
caterham,Caterham,Malaysian,http://en.wikipedia.org/wiki/Caterham_F1,Base Oficial Ergast Motor Racing Database / Registro Oficial FIA
cisitalia,Cisitalia,Italian,http://en.wikipedia.org/wiki/Cisitalia,Base Oficial Ergast Motor Racing Database / Registro Oficial FIA
coloni,Coloni,Italian,http://en.wikipedia.org/wiki/Enzo_Coloni_Racing_Car_Systems,Base Oficial Ergast Motor Racing Database / Registro Oficial FIA
connaught,Connaught,British,http://en.wikipedia.org/wiki/Connaught_Engineering,Base Oficial Ergast Motor Racing Database / Registro Oficial FIA
connew,Connew,British,http://en.wikipedia.org/wiki/Connew,Base Oficial Ergast Motor Racing Database / Registro Oficial FIA
cooper,Cooper,British,http://en.wikipedia.org/wiki/Cooper_Car_Company,Base Oficial Ergast Motor Racing Database / Registro Oficial FIA
cooper-alfa_romeo,Cooper-Alfa Romeo,British,http://en.wikipedia.org/wiki/Cooper_Car_Company,Base Oficial Ergast Motor Racing Database / Registro Oficial FIA
cooper-ats,Cooper-ATS,British,http://en.wikipedia.org/wiki/Cooper_Car_Company,Base Oficial Ergast Motor Racing Database / Registro Oficial FIA
cooper-borgward,Cooper-Borgward,British,http://en.wikipedia.org/wiki/Cooper_Car_Company,Base Oficial Ergast Motor Racing Database / Registro Oficial FIA
cooper-brm,Cooper-BRM,British,http://en.wikipedia.org/wiki/Cooper_Car_Company,Base Oficial Ergast Motor Racing Database / Registro Oficial FIA
cooper-castellotti,Cooper-Castellotti,British,http://en.wikipedia.org/wiki/Cooper_Car_Company,Base Oficial Ergast Motor Racing Database / Registro Oficial FIA
cooper-climax,Cooper-Climax,British,http://en.wikipedia.org/wiki/Cooper_Car_Company,Base Oficial Ergast Motor Racing Database / Registro Oficial FIA
cooper-ferrari,Cooper-Ferrari,British,http://en.wikipedia.org/wiki/Cooper_Car_Company,Base Oficial Ergast Motor Racing Database / Registro Oficial FIA
cooper-ford,Cooper-Ford,British,http://en.wikipedia.org/wiki/Cooper_Car_Company,Base Oficial Ergast Motor Racing Database / Registro Oficial FIA
cooper-maserati,Cooper-Maserati,British,http://en.wikipedia.org/wiki/Cooper_Car_Company,Base Oficial Ergast Motor Racing Database / Registro Oficial FIA
cooper-osca,Cooper-OSCA,British,http://en.wikipedia.org/wiki/Cooper_Car_Company,Base Oficial Ergast Motor Racing Database / Registro Oficial FIA
dallara,Dallara,Italian,http://en.wikipedia.org/wiki/Dallara,Base Oficial Ergast Motor Racing Database / Registro Oficial FIA
de_tomaso-alfa_romeo,De Tomaso-Alfa Romeo,Italian,http://en.wikipedia.org/wiki/De_Tomaso,Base Oficial Ergast Motor Racing Database / Registro Oficial FIA
de_tomaso-ferrari,De Tomaso-Ferrari,Italian,http://en.wikipedia.org/wiki/De_Tomaso,Base Oficial Ergast Motor Racing Database / Registro Oficial FIA
de_tomaso-osca,De Tomaso-Osca,Italian,http://en.wikipedia.org/wiki/De_Tomaso,Base Oficial Ergast Motor Racing Database / Registro Oficial FIA
deidt,Deidt,American,http://en.wikipedia.org/wiki/Deidt,Base Oficial Ergast Motor Racing Database / Registro Oficial FIA
del_roy,Del Roy,American,http://en.wikipedia.org/wiki/Del_Roy,Base Oficial Ergast Motor Racing Database / Registro Oficial FIA
derrington,Derrington,British,http://en.wikipedia.org/wiki/Derrington-Francis,Base Oficial Ergast Motor Racing Database / Registro Oficial FIA
dunn,Dunn,American,http://en.wikipedia.org/wiki/Dunn_Engineering,Base Oficial Ergast Motor Racing Database / Registro Oficial FIA
eagle,Eagle,American,http://en.wikipedia.org/wiki/Anglo_American_Racers,Base Oficial Ergast Motor Racing Database / Registro Oficial FIA
eagle-climax,Eagle-Climax,American,http://en.wikipedia.org/wiki/Anglo_American_Racers,Base Oficial Ergast Motor Racing Database / Registro Oficial FIA
eagle-weslake,Eagle-Weslake,American,http://en.wikipedia.org/wiki/Anglo_American_Racers,Base Oficial Ergast Motor Racing Database / Registro Oficial FIA
elder,Elder,American,http://en.wikipedia.org/wiki/Elder_(constructor),Base Oficial Ergast Motor Racing Database / Registro Oficial FIA
emeryson,Emeryson,British,http://en.wikipedia.org/wiki/Emeryson,Base Oficial Ergast Motor Racing Database / Registro Oficial FIA
emw,EMW,East German,http://en.wikipedia.org/wiki/Eisenacher_Motorenwerk,Base Oficial Ergast Motor Racing Database / Registro Oficial FIA
enb,ENB,Belgian,http://en.wikipedia.org/wiki/Ecurie_Nationale_Belge,Base Oficial Ergast Motor Racing Database / Registro Oficial FIA
ensign,Ensign,British,http://en.wikipedia.org/wiki/Ensign_%28racing_team%29,Base Oficial Ergast Motor Racing Database / Registro Oficial FIA
epperly,Epperly,American,http://en.wikipedia.org/wiki/Epperly,Base Oficial Ergast Motor Racing Database / Registro Oficial FIA
era,ERA,British,http://en.wikipedia.org/wiki/English_Racing_Automobiles,Base Oficial Ergast Motor Racing Database / Registro Oficial FIA
eurobrun,Euro Brun,Italian,http://en.wikipedia.org/wiki/Euro_Brun,Base Oficial Ergast Motor Racing Database / Registro Oficial FIA
ewing,Ewing,American,http://en.wikipedia.org/wiki/Ewing_(constructor),Base Oficial Ergast Motor Racing Database / Registro Oficial FIA
ferguson,Ferguson,British,http://en.wikipedia.org/wiki/Ferguson_Research_Ltd.,Base Oficial Ergast Motor Racing Database / Registro Oficial FIA
ferrari,Ferrari,Italian,http://en.wikipedia.org/wiki/Scuderia_Ferrari,Base Oficial Ergast Motor Racing Database / Registro Oficial FIA
fittipaldi,Fittipaldi,Brazilian,http://en.wikipedia.org/wiki/Fittipaldi_%28constructor%29,Base Oficial Ergast Motor Racing Database / Registro Oficial FIA
fondmetal,Fondmetal,Italian,http://en.wikipedia.org/wiki/Fondmetal,Base Oficial Ergast Motor Racing Database / Registro Oficial FIA
footwork,Footwork,British,http://en.wikipedia.org/wiki/Footwork_Arrows,Base Oficial Ergast Motor Racing Database / Registro Oficial FIA
force_india,Force India,Indian,http://en.wikipedia.org/wiki/Racing_Point_Force_India,Base Oficial Ergast Motor Racing Database / Registro Oficial FIA
forti,Forti,Italian,http://en.wikipedia.org/wiki/Forti,Base Oficial Ergast Motor Racing Database / Registro Oficial FIA
frazer_nash,Frazer Nash,British,http://en.wikipedia.org/wiki/Frazer_Nash,Base Oficial Ergast Motor Racing Database / Registro Oficial FIA
fry,Fry,British,http://en.wikipedia.org/wiki/Fry_(racing_team),Base Oficial Ergast Motor Racing Database / Registro Oficial FIA
gilby,Gilby,British,http://en.wikipedia.org/wiki/Gilby,Base Oficial Ergast Motor Racing Database / Registro Oficial FIA
gordini,Gordini,French,http://en.wikipedia.org/wiki/Gordini,Base Oficial Ergast Motor Racing Database / Registro Oficial FIA
haas,Haas F1 Team,American,http://en.wikipedia.org/wiki/Haas_F1_Team,Base Oficial Ergast Motor Racing Database / Registro Oficial FIA
hall,Hall,American,http://en.wikipedia.org/wiki/Hall_(constructor),Base Oficial Ergast Motor Racing Database / Registro Oficial FIA
hesketh,Hesketh,British,http://en.wikipedia.org/wiki/Hesketh_Racing,Base Oficial Ergast Motor Racing Database / Registro Oficial FIA
hill,Embassy Hill,British,http://en.wikipedia.org/wiki/Hill_(constructor),Base Oficial Ergast Motor Racing Database / Registro Oficial FIA
honda,Honda,Japanese,http://en.wikipedia.org/wiki/Honda_Racing_F1,Base Oficial Ergast Motor Racing Database / Registro Oficial FIA
hrt,HRT,Spanish,http://en.wikipedia.org/wiki/Hispania_Racing,Base Oficial Ergast Motor Racing Database / Registro Oficial FIA
hwm,HWM,British,http://en.wikipedia.org/wiki/Hersham_and_Walton_Motors,Base Oficial Ergast Motor Racing Database / Registro Oficial FIA
iso_marlboro,Iso Marlboro,British,http://en.wikipedia.org/wiki/Iso_Marlboro,Base Oficial Ergast Motor Racing Database / Registro Oficial FIA
jaguar,Jaguar,British,http://en.wikipedia.org/wiki/Jaguar_Racing,Base Oficial Ergast Motor Racing Database / Registro Oficial FIA
jbw,JBW,British,http://en.wikipedia.org/wiki/JBW,Base Oficial Ergast Motor Racing Database / Registro Oficial FIA
jordan,Jordan,Irish,http://en.wikipedia.org/wiki/Jordan_Grand_Prix,Base Oficial Ergast Motor Racing Database / Registro Oficial FIA
kauhsen,Kauhsen,German,http://en.wikipedia.org/wiki/Kauhsen,Base Oficial Ergast Motor Racing Database / Registro Oficial FIA
klenk,Klenk,German,http://en.wikipedia.org/wiki/Klenk,Base Oficial Ergast Motor Racing Database / Registro Oficial FIA
kojima,Kojima,Japanese,http://en.wikipedia.org/wiki/Kojima_Engineering,Base Oficial Ergast Motor Racing Database / Registro Oficial FIA
kurtis_kraft,Kurtis Kraft,American,http://en.wikipedia.org/wiki/Kurtis_Kraft,Base Oficial Ergast Motor Racing Database / Registro Oficial FIA
kuzma,Kuzma,American,http://en.wikipedia.org/wiki/Kuzma_(constructor),Base Oficial Ergast Motor Racing Database / Registro Oficial FIA
lago,Talbot-Lago,French,http://en.wikipedia.org/wiki/Talbot-Lago,Base Oficial Ergast Motor Racing Database / Registro Oficial FIA
lambo,Lambo,Italian,http://en.wikipedia.org/wiki/Modena_(racing_team),Base Oficial Ergast Motor Racing Database / Registro Oficial FIA
lancia,Lancia,Italian,http://en.wikipedia.org/wiki/Lancia_in_Formula_One,Base Oficial Ergast Motor Racing Database / Registro Oficial FIA
langley,Langley,American,http://en.wikipedia.org/wiki/Langley_(constructor),Base Oficial Ergast Motor Racing Database / Registro Oficial FIA
larrousse,Larrousse,French,http://en.wikipedia.org/wiki/Larrousse,Base Oficial Ergast Motor Racing Database / Registro Oficial FIA
lds,LDS,South African,http://en.wikipedia.org/wiki/LDS_(automobile),Base Oficial Ergast Motor Racing Database / Registro Oficial FIA
lds-alfa_romeo,LDS-Alfa Romeo,South African,http://en.wikipedia.org/wiki/LDS_(automobile),Base Oficial Ergast Motor Racing Database / Registro Oficial FIA
lds-climax,LDS-Climax,South African,http://en.wikipedia.org/wiki/LDS_(automobile),Base Oficial Ergast Motor Racing Database / Registro Oficial FIA
lec,LEC,British,http://en.wikipedia.org/wiki/LEC_(Formula_One),Base Oficial Ergast Motor Racing Database / Registro Oficial FIA
lesovsky,Lesovsky,American,http://en.wikipedia.org/wiki/Lesovsky,Base Oficial Ergast Motor Racing Database / Registro Oficial FIA
leyton,Leyton House,British,http://en.wikipedia.org/wiki/Leyton_House,Base Oficial Ergast Motor Racing Database / Registro Oficial FIA
life,Life,Italian,http://en.wikipedia.org/wiki/Life_(Racing_Team),Base Oficial Ergast Motor Racing Database / Registro Oficial FIA
ligier,Ligier,French,http://en.wikipedia.org/wiki/Ligier,Base Oficial Ergast Motor Racing Database / Registro Oficial FIA
lola,Lola,British,http://en.wikipedia.org/wiki/MasterCard_Lola,Base Oficial Ergast Motor Racing Database / Registro Oficial FIA
lotus-borgward,Lotus-Borgward,British,http://en.wikipedia.org/wiki/Team_Lotus,Base Oficial Ergast Motor Racing Database / Registro Oficial FIA
lotus-brm,Lotus-BRM,British,http://en.wikipedia.org/wiki/Team_Lotus,Base Oficial Ergast Motor Racing Database / Registro Oficial FIA
lotus-climax,Lotus-Climax,British,http://en.wikipedia.org/wiki/Team_Lotus,Base Oficial Ergast Motor Racing Database / Registro Oficial FIA
lotus-ford,Lotus-Ford,British,http://en.wikipedia.org/wiki/Team_Lotus,Base Oficial Ergast Motor Racing Database / Registro Oficial FIA
lotus-maserati,Lotus-Maserati,British,http://en.wikipedia.org/wiki/Team_Lotus,Base Oficial Ergast Motor Racing Database / Registro Oficial FIA
lotus-pw,Lotus-Pratt &amp; Whitney,British,http://en.wikipedia.org/wiki/Team_Lotus,Base Oficial Ergast Motor Racing Database / Registro Oficial FIA
lotus_f1,Lotus F1,British,http://en.wikipedia.org/wiki/Lotus_F1,Base Oficial Ergast Motor Racing Database / Registro Oficial FIA
lotus_racing,Lotus,Malaysian,http://en.wikipedia.org/wiki/Lotus_Racing,Base Oficial Ergast Motor Racing Database / Registro Oficial FIA
lyncar,Lyncar,British,http://en.wikipedia.org/wiki/Lyncar,Base Oficial Ergast Motor Racing Database / Registro Oficial FIA
maki,Maki,Japanese,http://en.wikipedia.org/wiki/Maki_(cars),Base Oficial Ergast Motor Racing Database / Registro Oficial FIA
manor,Manor Marussia,British,http://en.wikipedia.org/wiki/Manor_Motorsport,Base Oficial Ergast Motor Racing Database / Registro Oficial FIA
march,March,British,http://en.wikipedia.org/wiki/March_Engineering,Base Oficial Ergast Motor Racing Database / Registro Oficial FIA
march-alfa_romeo,March-Alfa Romeo,British,http://en.wikipedia.org/wiki/March_Engineering,Base Oficial Ergast Motor Racing Database / Registro Oficial FIA
march-ford,March-Ford,British,http://en.wikipedia.org/wiki/March_Engineering,Base Oficial Ergast Motor Racing Database / Registro Oficial FIA
marchese,Marchese,American,http://en.wikipedia.org/wiki/Marchese_(constructor),Base Oficial Ergast Motor Racing Database / Registro Oficial FIA
martini,Martini,French,http://en.wikipedia.org/wiki/Martini_(cars),Base Oficial Ergast Motor Racing Database / Registro Oficial FIA
marussia,Marussia,Russian,http://en.wikipedia.org/wiki/Marussia_F1,Base Oficial Ergast Motor Racing Database / Registro Oficial FIA
maserati,Maserati,Italian,http://en.wikipedia.org/wiki/Maserati,Base Oficial Ergast Motor Racing Database / Registro Oficial FIA
matra,Matra,French,http://en.wikipedia.org/wiki/Matra,Base Oficial Ergast Motor Racing Database / Registro Oficial FIA
matra-ford,Matra-Ford,French,http://en.wikipedia.org/wiki/Matra,Base Oficial Ergast Motor Racing Database / Registro Oficial FIA
mbm,MBM,Swiss,http://en.wikipedia.org/wiki/Monteverdi_Basel_Motors,Base Oficial Ergast Motor Racing Database / Registro Oficial FIA
mcguire,McGuire,Australian,http://en.wikipedia.org/wiki/McGuire_(Formula_One),Base Oficial Ergast Motor Racing Database / Registro Oficial FIA
mclaren,McLaren,British,http://en.wikipedia.org/wiki/McLaren,Base Oficial Ergast Motor Racing Database / Registro Oficial FIA
mclaren-alfa_romeo,McLaren-Alfa Romeo,British,http://en.wikipedia.org/wiki/McLaren_(racing),Base Oficial Ergast Motor Racing Database / Registro Oficial FIA
mclaren-brm,McLaren-BRM,British,http://en.wikipedia.org/wiki/McLaren_(racing),Base Oficial Ergast Motor Racing Database / Registro Oficial FIA
mclaren-ford,McLaren-Ford,British,http://en.wikipedia.org/wiki/Team_McLaren,Base Oficial Ergast Motor Racing Database / Registro Oficial FIA
mclaren-seren,McLaren-Serenissima,British,http://en.wikipedia.org/wiki/Team_McLaren,Base Oficial Ergast Motor Racing Database / Registro Oficial FIA
mercedes,Mercedes,German,http://en.wikipedia.org/wiki/Mercedes-Benz_in_Formula_One,Base Oficial Ergast Motor Racing Database / Registro Oficial FIA
merzario,Merzario,Italian,http://en.wikipedia.org/wiki/Merzario,Base Oficial Ergast Motor Racing Database / Registro Oficial FIA
meskowski,Meskowski,American,http://en.wikipedia.org/wiki/Meskowski,Base Oficial Ergast Motor Racing Database / Registro Oficial FIA
mf1,MF1,Russian,http://en.wikipedia.org/wiki/Midland_F1_Racing,Base Oficial Ergast Motor Racing Database / Registro Oficial FIA
milano,Milano,Italian,http://en.wikipedia.org/wiki/Scuderia_Milano,Base Oficial Ergast Motor Racing Database / Registro Oficial FIA
minardi,Minardi,Italian,http://en.wikipedia.org/wiki/Minardi,Base Oficial Ergast Motor Racing Database / Registro Oficial FIA
moda,Andrea Moda,Italian,http://en.wikipedia.org/wiki/Andrea_Moda_Formula,Base Oficial Ergast Motor Racing Database / Registro Oficial FIA
moore,Moore,American,http://en.wikipedia.org/wiki/Moore_(constructor),Base Oficial Ergast Motor Racing Database / Registro Oficial FIA
nichels,Nichels,American,http://en.wikipedia.org/wiki/Nichels,Base Oficial Ergast Motor Racing Database / Registro Oficial FIA
olson,Olson,American,http://en.wikipedia.org/wiki/Olson_(constructor),Base Oficial Ergast Motor Racing Database / Registro Oficial FIA
onyx,Onyx,British,http://en.wikipedia.org/wiki/Onyx_(racing_team),Base Oficial Ergast Motor Racing Database / Registro Oficial FIA
osca,OSCA,Italian,http://en.wikipedia.org/wiki/Officine_Specializate_Costruzione_Automobili,Base Oficial Ergast Motor Racing Database / Registro Oficial FIA
osella,Osella,Italian,http://en.wikipedia.org/wiki/Osella,Base Oficial Ergast Motor Racing Database / Registro Oficial FIA
pacific,Pacific,British,http://en.wikipedia.org/wiki/Pacific_Racing,Base Oficial Ergast Motor Racing Database / Registro Oficial FIA
pankratz,Pankratz,American,http://en.wikipedia.org/wiki/Pankratz,Base Oficial Ergast Motor Racing Database / Registro Oficial FIA
parnelli,Parnelli,American,http://en.wikipedia.org/wiki/Parnelli,Base Oficial Ergast Motor Racing Database / Registro Oficial FIA
pawl,Pawl,American,http://en.wikipedia.org/wiki/Pawl_(constructor),Base Oficial Ergast Motor Racing Database / Registro Oficial FIA
penske,Penske,American,http://en.wikipedia.org/wiki/Penske_Racing,Base Oficial Ergast Motor Racing Database / Registro Oficial FIA
phillips,Phillips,American,http://en.wikipedia.org/wiki/Phillips_(constructor),Base Oficial Ergast Motor Racing Database / Registro Oficial FIA
politoys,Politoys,British,http://en.wikipedia.org/wiki/Frank_Williams_Racing_Cars,Base Oficial Ergast Motor Racing Database / Registro Oficial FIA
porsche,Porsche,German,http://en.wikipedia.org/wiki/Porsche_in_Formula_One,Base Oficial Ergast Motor Racing Database / Registro Oficial FIA
prost,Prost,French,http://en.wikipedia.org/wiki/Prost_Grand_Prix,Base Oficial Ergast Motor Racing Database / Registro Oficial FIA
protos,Protos,British,http://en.wikipedia.org/wiki/Protos_(constructor),Base Oficial Ergast Motor Racing Database / Registro Oficial FIA
racing_point,Racing Point,British,http://en.wikipedia.org/wiki/Racing_Point_F1_Team,Base Oficial Ergast Motor Racing Database / Registro Oficial FIA
rae,Rae,American,http://en.wikipedia.org/wiki/Rae_(motorsport),Base Oficial Ergast Motor Racing Database / Registro Oficial FIA
ram,RAM,British,http://en.wikipedia.org/wiki/RAM_Racing,Base Oficial Ergast Motor Racing Database / Registro Oficial FIA
rb,RB F1 Team,Italian,http://en.wikipedia.org/wiki/RB_Formula_One_Team,Base Oficial Ergast Motor Racing Database / Registro Oficial FIA
re,RE,Rhodesian,http://en.wikipedia.org/wiki/RE_%28automobile%29,Base Oficial Ergast Motor Racing Database / Registro Oficial FIA
rebaque,Rebaque,Mexican,http://en.wikipedia.org/wiki/Rebaque,Base Oficial Ergast Motor Racing Database / Registro Oficial FIA
red_bull,Red Bull,Austrian,http://en.wikipedia.org/wiki/Red_Bull_Racing,Base Oficial Ergast Motor Racing Database / Registro Oficial FIA
renault,Renault,French,http://en.wikipedia.org/wiki/Renault_in_Formula_One,Base Oficial Ergast Motor Racing Database / Registro Oficial FIA
rial,Rial,German,http://en.wikipedia.org/wiki/Rial_%28racing_team%29,Base Oficial Ergast Motor Racing Database / Registro Oficial FIA
sauber,Sauber,Swiss,http://en.wikipedia.org/wiki/Sauber_Motorsport,Base Oficial Ergast Motor Racing Database / Registro Oficial FIA
scarab,Scarab,American,http://en.wikipedia.org/wiki/Scarab_(constructor),Base Oficial Ergast Motor Racing Database / Registro Oficial FIA
schroeder,Schroeder,American,http://en.wikipedia.org/wiki/Schroeder_(constructor),Base Oficial Ergast Motor Racing Database / Registro Oficial FIA
scirocco,Scirocco,British,http://en.wikipedia.org/wiki/Scirocco-Powell,Base Oficial Ergast Motor Racing Database / Registro Oficial FIA
shadow,Shadow,British,http://en.wikipedia.org/wiki/Shadow_Racing_Cars,Base Oficial Ergast Motor Racing Database / Registro Oficial FIA
shadow-ford,Shadow-Ford,British,http://en.wikipedia.org/wiki/Shadow_Racing_Cars,Base Oficial Ergast Motor Racing Database / Registro Oficial FIA
shadow-matra,Shadow-Matra,British,http://en.wikipedia.org/wiki/Shadow_Racing_Cars,Base Oficial Ergast Motor Racing Database / Registro Oficial FIA
shannon,Shannon,British,http://en.wikipedia.org/wiki/Shannon_(Formula_One),Base Oficial Ergast Motor Racing Database / Registro Oficial FIA
sherman,Sherman,American,http://en.wikipedia.org/wiki/Sherman_(constructor),Base Oficial Ergast Motor Racing Database / Registro Oficial FIA
simca,Simca,French,http://en.wikipedia.org/wiki/Simca,Base Oficial Ergast Motor Racing Database / Registro Oficial FIA
simtek,Simtek,British,http://en.wikipedia.org/wiki/Simtek,Base Oficial Ergast Motor Racing Database / Registro Oficial FIA
snowberger,Snowberger,American,http://en.wikipedia.org/wiki/Snowberger,Base Oficial Ergast Motor Racing Database / Registro Oficial FIA
spirit,Spirit,British,http://en.wikipedia.org/wiki/Spirit_(racing_team),Base Oficial Ergast Motor Racing Database / Registro Oficial FIA
spyker,Spyker,Dutch,http://en.wikipedia.org/wiki/Spyker_F1,Base Oficial Ergast Motor Racing Database / Registro Oficial FIA
spyker_mf1,Spyker MF1,Dutch,http://en.wikipedia.org/wiki/Midland_F1_Racing,Base Oficial Ergast Motor Racing Database / Registro Oficial FIA
stebro,Stebro,Canadian,http://en.wikipedia.org/wiki/Stebro,Base Oficial Ergast Motor Racing Database / Registro Oficial FIA
stevens,Stevens,American,http://en.wikipedia.org/wiki/Stevens_(constructor),Base Oficial Ergast Motor Racing Database / Registro Oficial FIA
stewart,Stewart,British,http://en.wikipedia.org/wiki/Stewart_Grand_Prix,Base Oficial Ergast Motor Racing Database / Registro Oficial FIA
super_aguri,Super Aguri,Japanese,http://en.wikipedia.org/wiki/Super_Aguri_F1,Base Oficial Ergast Motor Racing Database / Registro Oficial FIA
surtees,Surtees,British,http://en.wikipedia.org/wiki/Surtees,Base Oficial Ergast Motor Racing Database / Registro Oficial FIA
sutton,Sutton,American,http://en.wikipedia.org/wiki/Sutton_(constructor),Base Oficial Ergast Motor Racing Database / Registro Oficial FIA
team_lotus,Team Lotus,British,http://en.wikipedia.org/wiki/Team_Lotus,Base Oficial Ergast Motor Racing Database / Registro Oficial FIA
tec-mec,Tec-Mec,Italian,http://en.wikipedia.org/wiki/Tec-Mec,Base Oficial Ergast Motor Racing Database / Registro Oficial FIA
tecno,Tecno,Italian,http://en.wikipedia.org/wiki/Tecno,Base Oficial Ergast Motor Racing Database / Registro Oficial FIA
theodore,Theodore,Hong Kong,http://en.wikipedia.org/wiki/Theodore_Racing,Base Oficial Ergast Motor Racing Database / Registro Oficial FIA
token,Token,British,http://en.wikipedia.org/wiki/Token_(Racing_team),Base Oficial Ergast Motor Racing Database / Registro Oficial FIA
toleman,Toleman,British,http://en.wikipedia.org/wiki/Toleman,Base Oficial Ergast Motor Racing Database / Registro Oficial FIA
tomaso,De Tomaso,Italian,http://en.wikipedia.org/wiki/De_Tomaso,Base Oficial Ergast Motor Racing Database / Registro Oficial FIA
toro_rosso,Toro Rosso,Italian,http://en.wikipedia.org/wiki/Scuderia_Toro_Rosso,Base Oficial Ergast Motor Racing Database / Registro Oficial FIA
toyota,Toyota,Japanese,http://en.wikipedia.org/wiki/Toyota_Racing,Base Oficial Ergast Motor Racing Database / Registro Oficial FIA
trevis,Trevis,American,http://en.wikipedia.org/wiki/Trevis,Base Oficial Ergast Motor Racing Database / Registro Oficial FIA
trojan,Trojan,British,http://en.wikipedia.org/wiki/Trojan_(Racing_team),Base Oficial Ergast Motor Racing Database / Registro Oficial FIA
turner,Turner,American,http://en.wikipedia.org/wiki/Turner_(constructor),Base Oficial Ergast Motor Racing Database / Registro Oficial FIA
tyrrell,Tyrrell,British,http://en.wikipedia.org/wiki/Tyrrell_Racing,Base Oficial Ergast Motor Racing Database / Registro Oficial FIA
vanwall,Vanwall,British,http://en.wikipedia.org/wiki/Vanwall,Base Oficial Ergast Motor Racing Database / Registro Oficial FIA
veritas,Veritas,German,http://en.wikipedia.org/wiki/Veritas_(constructor),Base Oficial Ergast Motor Racing Database / Registro Oficial FIA
vhristensen,Christensen,American,http://en.wikipedia.org/wiki/Christensen_(constructor),Base Oficial Ergast Motor Racing Database / Registro Oficial FIA
virgin,Virgin,British,http://en.wikipedia.org/wiki/Virgin_Racing,Base Oficial Ergast Motor Racing Database / Registro Oficial FIA
watson,Watson,American,http://en.wikipedia.org/wiki/A.J._Watson,Base Oficial Ergast Motor Racing Database / Registro Oficial FIA
wetteroth,Wetteroth,American,http://en.wikipedia.org/wiki/Wetteroth,Base Oficial Ergast Motor Racing Database / Registro Oficial FIA
williams,Williams,British,http://en.wikipedia.org/wiki/Williams_Grand_Prix_Engineering,Base Oficial Ergast Motor Racing Database / Registro Oficial FIA
wolf,Wolf,Canadian,http://en.wikipedia.org/wiki/Walter_Wolf_Racing,Base Oficial Ergast Motor Racing Database / Registro Oficial FIA
zakspeed,Zakspeed,German,http://en.wikipedia.org/wiki/Zakspeed,Base Oficial Ergast Motor Racing Database / Registro Oficial FIA
