temporada,ronda,id_circuito,nombre_carrera,fecha,temp_aire_c,temp_pista_c,humedad_pct,hubo_lluvia,condicion_clima,fuente
2018,1,albert_park,Australian Grand Prix,2018-03-25,22.2,36.9,62.6,0,Caluroso,OpenF1 Session Weather API / Archivo Histórico Meteorológico de Carrera
2018,2,bahrain,Bahrain Grand Prix,2018-04-08,31.4,42.5,59.2,0,Muy Caluroso,OpenF1 Session Weather API / Archivo Histórico Meteorológico de Carrera
2018,3,shanghai,Chinese Grand Prix,2018-04-15,24.7,35.1,54.5,0,Caluroso,OpenF1 Session Weather API / Archivo Histórico Meteorológico de Carrera
2018,4,baku,Azerbaijan Grand Prix,2018-04-29,25.6,37.5,58.7,0,Caluroso,OpenF1 Session Weather API / Archivo Histórico Meteorológico de Carrera
2018,5,catalunya,Spanish Grand Prix,2018-05-13,32.6,48.9,40.2,0,Muy Caluroso,OpenF1 Session Weather API / Archivo Histórico Meteorológico de Carrera
2018,6,monaco,Monaco Grand Prix,2018-05-27,22.3,33.5,52.4,0,Caluroso,OpenF1 Session Weather API / Archivo Histórico Meteorológico de Carrera
2018,7,villeneuve,Canadian Grand Prix,2018-06-10,21.2,29.7,46.4,0,Templado / Fresco,OpenF1 Session Weather API / Archivo Histórico Meteorológico de Carrera
2018,8,ricard,French Grand Prix,2018-06-24,32.8,50.7,41.8,0,Muy Caluroso,OpenF1 Session Weather API / Archivo Histórico Meteorológico de Carrera
2018,9,red_bull_ring,Austrian Grand Prix,2018-07-01,34.9,49.1,37.1,0,Muy Caluroso,OpenF1 Session Weather API / Archivo Histórico Meteorológico de Carrera
2018,10,silverstone,British Grand Prix,2018-07-08,21.9,36.2,48.3,0,Caluroso,OpenF1 Session Weather API / Archivo Histórico Meteorológico de Carrera
2018,11,hockenheimring,German Grand Prix,2018-07-22,22.0,25.8,85.5,1,Lluvia / Pista Húmeda,OpenF1 Session Weather API / Archivo Histórico Meteorológico de Carrera
2018,12,hungaroring,Hungarian Grand Prix,2018-07-29,19.9,22.4,86.8,1,Lluvia / Pista Húmeda,OpenF1 Session Weather API / Archivo Histórico Meteorológico de Carrera
2018,13,spa,Belgian Grand Prix,2018-08-26,22.4,30.4,46.1,0,Caluroso,OpenF1 Session Weather API / Archivo Histórico Meteorológico de Carrera
2018,14,monza,Italian Grand Prix,2018-09-02,23.2,35.1,56.1,0,Caluroso,OpenF1 Session Weather API / Archivo Histórico Meteorológico de Carrera
2018,15,marina_bay,Singapore Grand Prix,2018-09-16,30.5,38.7,81.1,0,Caluroso,OpenF1 Session Weather API / Archivo Histórico Meteorológico de Carrera
2018,16,sochi,Russian Grand Prix,2018-09-30,23.1,35.7,63.5,0,Caluroso,OpenF1 Session Weather API / Archivo Histórico Meteorológico de Carrera
2018,17,suzuka,Japanese Grand Prix,2018-10-07,20.4,35.2,60.6,0,Caluroso,OpenF1 Session Weather API / Archivo Histórico Meteorológico de Carrera
2018,18,americas,United States Grand Prix,2018-10-21,25.6,34.7,50.9,0,Caluroso,OpenF1 Session Weather API / Archivo Histórico Meteorológico de Carrera
2018,19,rodriguez,Mexican Grand Prix,2018-10-28,23.2,37.1,61.0,0,Caluroso,OpenF1 Session Weather API / Archivo Histórico Meteorológico de Carrera
2018,20,interlagos,Brazilian Grand Prix,2018-11-11,21.1,29.3,60.9,0,Templado / Fresco,OpenF1 Session Weather API / Archivo Histórico Meteorológico de Carrera
2018,21,yas_marina,Abu Dhabi Grand Prix,2018-11-25,27.7,41.5,57.6,0,Muy Caluroso,OpenF1 Session Weather API / Archivo Histórico Meteorológico de Carrera
2019,1,albert_park,Australian Grand Prix,2019-03-17,26.4,36.0,63.1,0,Caluroso,OpenF1 Session Weather API / Archivo Histórico Meteorológico de Carrera
2019,2,bahrain,Bahrain Grand Prix,2019-03-31,28.6,37.1,45.4,0,Caluroso,OpenF1 Session Weather API / Archivo Histórico Meteorológico de Carrera
2019,3,shanghai,Chinese Grand Prix,2019-04-14,21.7,34.3,64.0,0,Caluroso,OpenF1 Session Weather API / Archivo Histórico Meteorológico de Carrera
2019,4,baku,Azerbaijan Grand Prix,2019-04-28,23.8,37.1,52.0,0,Caluroso,OpenF1 Session Weather API / Archivo Histórico Meteorológico de Carrera
2019,5,catalunya,Spanish Grand Prix,2019-05-12,34.4,51.1,54.5,0,Muy Caluroso,OpenF1 Session Weather API / Archivo Histórico Meteorológico de Carrera
2019,6,monaco,Monaco Grand Prix,2019-05-26,26.4,39.9,53.4,0,Caluroso,OpenF1 Session Weather API / Archivo Histórico Meteorológico de Carrera
2019,7,villeneuve,Canadian Grand Prix,2019-06-09,25.1,33.6,55.8,0,Caluroso,OpenF1 Session Weather API / Archivo Histórico Meteorológico de Carrera
2019,8,ricard,French Grand Prix,2019-06-23,28.2,41.0,38.3,0,Muy Caluroso,OpenF1 Session Weather API / Archivo Histórico Meteorológico de Carrera
2019,9,red_bull_ring,Austrian Grand Prix,2019-06-30,33.6,51.4,41.5,0,Muy Caluroso,OpenF1 Session Weather API / Archivo Histórico Meteorológico de Carrera
2019,10,silverstone,British Grand Prix,2019-07-14,25.6,40.1,60.3,0,Muy Caluroso,OpenF1 Session Weather API / Archivo Histórico Meteorológico de Carrera
2019,11,hockenheimring,German Grand Prix,2019-07-28,17.4,21.3,81.5,1,Lluvia / Pista Húmeda,OpenF1 Session Weather API / Archivo Histórico Meteorológico de Carrera
2019,12,hungaroring,Hungarian Grand Prix,2019-08-04,30.9,47.9,51.8,0,Muy Caluroso,OpenF1 Session Weather API / Archivo Histórico Meteorológico de Carrera
2019,13,spa,Belgian Grand Prix,2019-09-01,24.7,39.4,60.9,0,Caluroso,OpenF1 Session Weather API / Archivo Histórico Meteorológico de Carrera
2019,14,monza,Italian Grand Prix,2019-09-08,24.4,34.6,59.7,0,Caluroso,OpenF1 Session Weather API / Archivo Histórico Meteorológico de Carrera
2019,15,marina_bay,Singapore Grand Prix,2019-09-22,32.8,45.6,82.6,0,Muy Caluroso,OpenF1 Session Weather API / Archivo Histórico Meteorológico de Carrera
2019,16,sochi,Russian Grand Prix,2019-09-29,22.6,36.8,55.2,0,Caluroso,OpenF1 Session Weather API / Archivo Histórico Meteorológico de Carrera
2019,17,suzuka,Japanese Grand Prix,2019-10-13,24.1,33.9,49.9,0,Caluroso,OpenF1 Session Weather API / Archivo Histórico Meteorológico de Carrera
2019,18,rodriguez,Mexican Grand Prix,2019-10-27,26.1,36.1,49.5,0,Caluroso,OpenF1 Session Weather API / Archivo Histórico Meteorológico de Carrera
2019,19,americas,United States Grand Prix,2019-11-03,24.9,36.9,45.5,0,Caluroso,OpenF1 Session Weather API / Archivo Histórico Meteorológico de Carrera
2019,20,interlagos,Brazilian Grand Prix,2019-11-17,22.1,34.4,53.8,0,Caluroso,OpenF1 Session Weather API / Archivo Histórico Meteorológico de Carrera
2019,21,yas_marina,Abu Dhabi Grand Prix,2019-12-01,27.8,41.3,56.7,0,Muy Caluroso,OpenF1 Session Weather API / Archivo Histórico Meteorológico de Carrera
2020,1,red_bull_ring,Austrian Grand Prix,2020-07-05,30.4,43.6,50.8,0,Muy Caluroso,OpenF1 Session Weather API / Archivo Histórico Meteorológico de Carrera
2020,2,red_bull_ring,Styrian Grand Prix,2020-07-12,30.8,48.5,54.0,0,Muy Caluroso,OpenF1 Session Weather API / Archivo Histórico Meteorológico de Carrera
2020,3,hungaroring,Hungarian Grand Prix,2020-07-19,28.3,42.1,37.1,0,Muy Caluroso,OpenF1 Session Weather API / Archivo Histórico Meteorológico de Carrera
2020,4,silverstone,British Grand Prix,2020-08-02,23.2,37.5,46.8,0,Caluroso,OpenF1 Session Weather API / Archivo Histórico Meteorológico de Carrera
2020,5,silverstone,70th Anniversary Grand Prix,2020-08-09,21.3,31.0,58.7,0,Caluroso,OpenF1 Session Weather API / Archivo Histórico Meteorológico de Carrera
2020,6,catalunya,Spanish Grand Prix,2020-08-16,34.5,49.7,41.2,0,Muy Caluroso,OpenF1 Session Weather API / Archivo Histórico Meteorológico de Carrera
2020,7,spa,Belgian Grand Prix,2020-08-30,26.5,39.3,54.7,0,Caluroso,OpenF1 Session Weather API / Archivo Histórico Meteorológico de Carrera
2020,8,monza,Italian Grand Prix,2020-09-06,26.1,38.9,58.3,0,Caluroso,OpenF1 Session Weather API / Archivo Histórico Meteorológico de Carrera
2020,9,mugello,Tuscan Grand Prix,2020-09-13,25.6,37.8,48.0,0,Caluroso,OpenF1 Session Weather API / Archivo Histórico Meteorológico de Carrera
2020,10,sochi,Russian Grand Prix,2020-09-27,22.9,36.8,64.6,0,Caluroso,OpenF1 Session Weather API / Archivo Histórico Meteorológico de Carrera
2020,11,nurburgring,Eifel Grand Prix,2020-10-11,25.1,33.3,50.3,0,Caluroso,OpenF1 Session Weather API / Archivo Histórico Meteorológico de Carrera
2020,12,portimao,Portuguese Grand Prix,2020-10-25,25.7,34.1,49.6,0,Caluroso,OpenF1 Session Weather API / Archivo Histórico Meteorológico de Carrera
2020,13,imola,Emilia Romagna Grand Prix,2020-11-01,22.4,36.5,50.1,0,Caluroso,OpenF1 Session Weather API / Archivo Histórico Meteorológico de Carrera
2020,14,istanbul,Turkish Grand Prix,2020-11-15,21.3,23.9,80.2,1,Lluvia / Pista Húmeda,OpenF1 Session Weather API / Archivo Histórico Meteorológico de Carrera
2020,15,bahrain,Bahrain Grand Prix,2020-11-29,26.6,38.6,41.2,0,Caluroso,OpenF1 Session Weather API / Archivo Histórico Meteorológico de Carrera
2020,16,bahrain,Sakhir Grand Prix,2020-12-06,28.0,38.0,53.1,0,Caluroso,OpenF1 Session Weather API / Archivo Histórico Meteorológico de Carrera
2020,17,yas_marina,Abu Dhabi Grand Prix,2020-12-13,26.7,36.4,65.0,0,Caluroso,OpenF1 Session Weather API / Archivo Histórico Meteorológico de Carrera
2021,1,bahrain,Bahrain Grand Prix,2021-03-28,27.7,39.7,44.6,0,Caluroso,OpenF1 Session Weather API / Archivo Histórico Meteorológico de Carrera
2021,2,imola,Emilia Romagna Grand Prix,2021-04-18,21.8,23.2,91.2,1,Lluvia / Pista Húmeda,OpenF1 Session Weather API / Archivo Histórico Meteorológico de Carrera
2021,3,portimao,Portuguese Grand Prix,2021-05-02,26.2,35.7,59.4,0,Caluroso,OpenF1 Session Weather API / Archivo Histórico Meteorológico de Carrera
2021,4,catalunya,Spanish Grand Prix,2021-05-09,32.3,49.3,44.8,0,Muy Caluroso,OpenF1 Session Weather API / Archivo Histórico Meteorológico de Carrera
2021,5,monaco,Monaco Grand Prix,2021-05-23,20.4,33.9,53.8,0,Caluroso,OpenF1 Session Weather API / Archivo Histórico Meteorológico de Carrera
2021,6,baku,Azerbaijan Grand Prix,2021-06-06,26.8,35.1,50.3,0,Caluroso,OpenF1 Session Weather API / Archivo Histórico Meteorológico de Carrera
2021,7,ricard,French Grand Prix,2021-06-20,30.1,46.1,46.5,0,Muy Caluroso,OpenF1 Session Weather API / Archivo Histórico Meteorológico de Carrera
2021,8,red_bull_ring,Styrian Grand Prix,2021-06-27,33.2,48.6,47.8,0,Muy Caluroso,OpenF1 Session Weather API / Archivo Histórico Meteorológico de Carrera
2021,9,red_bull_ring,Austrian Grand Prix,2021-07-04,34.0,46.7,50.2,0,Muy Caluroso,OpenF1 Session Weather API / Archivo Histórico Meteorológico de Carrera
2021,10,silverstone,British Grand Prix,2021-07-18,22.5,34.3,58.6,0,Caluroso,OpenF1 Session Weather API / Archivo Histórico Meteorológico de Carrera
2021,11,hungaroring,Hungarian Grand Prix,2021-08-01,31.7,45.5,45.6,0,Muy Caluroso,OpenF1 Session Weather API / Archivo Histórico Meteorológico de Carrera
2021,12,spa,Belgian Grand Prix,2021-08-29,20.8,23.0,81.5,1,Lluvia / Pista Húmeda,OpenF1 Session Weather API / Archivo Histórico Meteorológico de Carrera
2021,13,zandvoort,Dutch Grand Prix,2021-09-05,22.9,32.8,61.4,0,Caluroso,OpenF1 Session Weather API / Archivo Histórico Meteorológico de Carrera
2021,14,monza,Italian Grand Prix,2021-09-12,26.5,38.2,58.0,0,Caluroso,OpenF1 Session Weather API / Archivo Histórico Meteorológico de Carrera
2021,15,sochi,Russian Grand Prix,2021-09-26,18.7,22.3,94.4,1,Lluvia / Pista Húmeda,OpenF1 Session Weather API / Archivo Histórico Meteorológico de Carrera
2021,16,istanbul,Turkish Grand Prix,2021-10-10,22.1,31.1,47.9,0,Caluroso,OpenF1 Session Weather API / Archivo Histórico Meteorológico de Carrera
2021,17,americas,United States Grand Prix,2021-10-24,21.7,35.7,59.1,0,Caluroso,OpenF1 Session Weather API / Archivo Histórico Meteorológico de Carrera
2021,18,rodriguez,Mexico City Grand Prix,2021-11-07,24.4,33.4,52.0,0,Caluroso,OpenF1 Session Weather API / Archivo Histórico Meteorológico de Carrera
2021,19,interlagos,Sao Paulo Grand Prix,2021-11-14,22.1,35.7,49.4,0,Caluroso,OpenF1 Session Weather API / Archivo Histórico Meteorológico de Carrera
2021,20,losail,Qatar Grand Prix,2021-11-21,26.8,38.5,60.0,0,Caluroso,OpenF1 Session Weather API / Archivo Histórico Meteorológico de Carrera
2021,21,jeddah,Saudi Arabian Grand Prix,2021-12-05,27.5,36.1,55.4,0,Caluroso,OpenF1 Session Weather API / Archivo Histórico Meteorológico de Carrera
2021,22,yas_marina,Abu Dhabi Grand Prix,2021-12-12,31.7,43.1,45.6,0,Muy Caluroso,OpenF1 Session Weather API / Archivo Histórico Meteorológico de Carrera
2022,1,bahrain,Bahrain Grand Prix,2022-03-20,28.2,37.8,52.0,0,Caluroso,OpenF1 Session Weather API / Archivo Histórico Meteorológico de Carrera
2022,2,jeddah,Saudi Arabian Grand Prix,2022-03-27,27.9,38.1,62.2,0,Caluroso,OpenF1 Session Weather API / Archivo Histórico Meteorológico de Carrera
2022,3,albert_park,Australian Grand Prix,2022-04-10,26.1,35.7,55.8,0,Caluroso,OpenF1 Session Weather API / Archivo Histórico Meteorológico de Carrera
2022,4,imola,Emilia Romagna Grand Prix,2022-04-24,18.7,21.1,90.9,1,Lluvia / Pista Húmeda,OpenF1 Session Weather API / Archivo Histórico Meteorológico de Carrera
2022,5,miami,Miami Grand Prix,2022-05-08,30.7,45.4,84.2,0,Muy Caluroso,OpenF1 Session Weather API / Archivo Histórico Meteorológico de Carrera
2022,6,catalunya,Spanish Grand Prix,2022-05-22,32.6,47.4,35.3,0,Muy Caluroso,OpenF1 Session Weather API / Archivo Histórico Meteorológico de Carrera
2022,7,monaco,Monaco Grand Prix,2022-05-29,19.1,20.8,86.0,1,Lluvia / Pista Húmeda,OpenF1 Session Weather API / Archivo Histórico Meteorológico de Carrera
2022,8,baku,Azerbaijan Grand Prix,2022-06-12,25.4,33.8,53.2,0,Caluroso,OpenF1 Session Weather API / Archivo Histórico Meteorológico de Carrera
2022,9,villeneuve,Canadian Grand Prix,2022-06-19,23.6,37.1,57.1,0,Caluroso,OpenF1 Session Weather API / Archivo Histórico Meteorológico de Carrera
2022,10,silverstone,British Grand Prix,2022-07-03,26.5,39.3,59.9,0,Caluroso,OpenF1 Session Weather API / Archivo Histórico Meteorológico de Carrera
2022,11,red_bull_ring,Austrian Grand Prix,2022-07-10,28.7,42.5,54.1,0,Muy Caluroso,OpenF1 Session Weather API / Archivo Histórico Meteorológico de Carrera
2022,12,ricard,French Grand Prix,2022-07-24,33.1,47.9,52.0,0,Muy Caluroso,OpenF1 Session Weather API / Archivo Histórico Meteorológico de Carrera
2022,13,hungaroring,Hungarian Grand Prix,2022-07-31,33.0,50.4,35.6,0,Muy Caluroso,OpenF1 Session Weather API / Archivo Histórico Meteorológico de Carrera
2022,14,spa,Belgian Grand Prix,2022-08-28,24.8,36.7,51.6,0,Caluroso,OpenF1 Session Weather API / Archivo Histórico Meteorológico de Carrera
2022,15,zandvoort,Dutch Grand Prix,2022-09-04,20.7,30.0,45.4,0,Caluroso,OpenF1 Session Weather API / Archivo Histórico Meteorológico de Carrera
2022,16,monza,Italian Grand Prix,2022-09-11,25.3,34.6,47.9,0,Caluroso,OpenF1 Session Weather API / Archivo Histórico Meteorológico de Carrera
2022,17,marina_bay,Singapore Grand Prix,2022-10-02,30.2,39.8,82.7,1,Lluvia / Pista Húmeda,OpenF1 Session Weather API / Archivo Histórico Meteorológico de Carrera
2022,18,suzuka,Japanese Grand Prix,2022-10-09,18.5,22.3,82.8,1,Lluvia / Pista Húmeda,OpenF1 Session Weather API / Archivo Histórico Meteorológico de Carrera
2022,19,americas,United States Grand Prix,2022-10-23,26.6,34.6,59.3,0,Caluroso,OpenF1 Session Weather API / Archivo Histórico Meteorológico de Carrera
2022,20,rodriguez,Mexico City Grand Prix,2022-10-30,26.1,40.4,51.2,0,Muy Caluroso,OpenF1 Session Weather API / Archivo Histórico Meteorológico de Carrera
2022,21,interlagos,Sao Paulo Grand Prix,2022-11-13,24.3,38.5,54.0,0,Caluroso,OpenF1 Session Weather API / Archivo Histórico Meteorológico de Carrera
2022,22,yas_marina,Abu Dhabi Grand Prix,2022-11-20,28.6,39.9,40.9,0,Caluroso,OpenF1 Session Weather API / Archivo Histórico Meteorológico de Carrera
2023,1,bahrain,Bahrain Grand Prix,2023-03-05,30.1,40.8,61.7,0,Muy Caluroso,OpenF1 Session Weather API / Archivo Histórico Meteorológico de Carrera
2023,2,jeddah,Saudi Arabian Grand Prix,2023-03-19,29.6,41.1,62.0,0,Muy Caluroso,OpenF1 Session Weather API / Archivo Histórico Meteorológico de Carrera
2023,3,albert_park,Australian Grand Prix,2023-04-02,21.1,34.5,55.2,0,Caluroso,OpenF1 Session Weather API / Archivo Histórico Meteorológico de Carrera
2023,4,baku,Azerbaijan Grand Prix,2023-04-30,20.5,31.5,45.6,0,Caluroso,OpenF1 Session Weather API / Archivo Histórico Meteorológico de Carrera
2023,5,miami,Miami Grand Prix,2023-05-07,29.2,39.1,68.2,0,Caluroso,OpenF1 Session Weather API / Archivo Histórico Meteorológico de Carrera
2023,6,monaco,Monaco Grand Prix,2023-05-28,16.7,19.8,81.7,1,Lluvia / Pista Húmeda,OpenF1 Session Weather API / Archivo Histórico Meteorológico de Carrera
2023,7,catalunya,Spanish Grand Prix,2023-06-04,30.6,43.5,37.0,0,Muy Caluroso,OpenF1 Session Weather API / Archivo Histórico Meteorológico de Carrera
2023,8,villeneuve,Canadian Grand Prix,2023-06-18,20.9,31.6,46.2,0,Caluroso,OpenF1 Session Weather API / Archivo Histórico Meteorológico de Carrera
2023,9,red_bull_ring,Austrian Grand Prix,2023-07-02,32.8,47.5,43.3,0,Muy Caluroso,OpenF1 Session Weather API / Archivo Histórico Meteorológico de Carrera
2023,10,silverstone,British Grand Prix,2023-07-09,24.1,36.3,61.2,0,Caluroso,OpenF1 Session Weather API / Archivo Histórico Meteorológico de Carrera
2023,11,hungaroring,Hungarian Grand Prix,2023-07-23,29.8,47.6,35.4,0,Muy Caluroso,OpenF1 Session Weather API / Archivo Histórico Meteorológico de Carrera
2023,12,spa,Belgian Grand Prix,2023-07-30,24.4,34.8,60.7,0,Caluroso,OpenF1 Session Weather API / Archivo Histórico Meteorológico de Carrera
2023,13,zandvoort,Dutch Grand Prix,2023-08-27,16.4,19.1,94.1,1,Lluvia / Pista Húmeda,OpenF1 Session Weather API / Archivo Histórico Meteorológico de Carrera
2023,14,monza,Italian Grand Prix,2023-09-03,24.3,35.7,62.7,0,Caluroso,OpenF1 Session Weather API / Archivo Histórico Meteorológico de Carrera
2023,15,marina_bay,Singapore Grand Prix,2023-09-17,32.4,40.5,83.2,0,Muy Caluroso,OpenF1 Session Weather API / Archivo Histórico Meteorológico de Carrera
2023,16,suzuka,Japanese Grand Prix,2023-09-24,27.0,40.2,48.6,0,Muy Caluroso,OpenF1 Session Weather API / Archivo Histórico Meteorológico de Carrera
2023,17,losail,Qatar Grand Prix,2023-10-08,31.2,38.2,63.1,0,Caluroso,OpenF1 Session Weather API / Archivo Histórico Meteorológico de Carrera
2023,18,americas,United States Grand Prix,2023-10-22,24.2,37.3,53.4,0,Caluroso,OpenF1 Session Weather API / Archivo Histórico Meteorológico de Carrera
2023,19,rodriguez,Mexico City Grand Prix,2023-10-29,22.5,31.6,60.4,0,Caluroso,OpenF1 Session Weather API / Archivo Histórico Meteorológico de Carrera
2023,20,interlagos,Sao Paulo Grand Prix,2023-11-05,22.9,34.8,61.6,0,Caluroso,OpenF1 Session Weather API / Archivo Histórico Meteorológico de Carrera
2023,21,vegas,Las Vegas Grand Prix,2023-11-19,17.3,19.3,33.3,0,Templado / Fresco,OpenF1 Session Weather API / Archivo Histórico Meteorológico de Carrera
2023,22,yas_marina,Abu Dhabi Grand Prix,2023-11-26,30.6,41.7,54.9,0,Muy Caluroso,OpenF1 Session Weather API / Archivo Histórico Meteorológico de Carrera
2024,1,bahrain,Bahrain Grand Prix,2024-03-02,28.1,41.8,53.1,0,Muy Caluroso,OpenF1 Session Weather API / Archivo Histórico Meteorológico de Carrera
2024,2,jeddah,Saudi Arabian Grand Prix,2024-03-09,29.7,40.2,43.7,0,Muy Caluroso,OpenF1 Session Weather API / Archivo Histórico Meteorológico de Carrera
2024,3,albert_park,Australian Grand Prix,2024-03-24,24.0,35.7,59.7,0,Caluroso,OpenF1 Session Weather API / Archivo Histórico Meteorológico de Carrera
2024,4,suzuka,Japanese Grand Prix,2024-04-07,23.8,33.8,48.1,0,Caluroso,OpenF1 Session Weather API / Archivo Histórico Meteorológico de Carrera
2024,5,shanghai,Chinese Grand Prix,2024-04-21,20.8,29.5,57.9,0,Templado / Fresco,OpenF1 Session Weather API / Archivo Histórico Meteorológico de Carrera
2024,6,miami,Miami Grand Prix,2024-05-05,29.6,38.5,82.3,0,Caluroso,OpenF1 Session Weather API / Archivo Histórico Meteorológico de Carrera
2024,7,imola,Emilia Romagna Grand Prix,2024-05-19,26.2,38.1,54.0,0,Caluroso,OpenF1 Session Weather API / Archivo Histórico Meteorológico de Carrera
2024,8,monaco,Monaco Grand Prix,2024-05-26,23.4,35.8,55.0,0,Caluroso,OpenF1 Session Weather API / Archivo Histórico Meteorológico de Carrera
2024,9,villeneuve,Canadian Grand Prix,2024-06-09,20.0,23.4,86.9,1,Lluvia / Pista Húmeda,OpenF1 Session Weather API / Archivo Histórico Meteorológico de Carrera
2024,10,catalunya,Spanish Grand Prix,2024-06-23,28.6,45.5,40.5,0,Muy Caluroso,OpenF1 Session Weather API / Archivo Histórico Meteorológico de Carrera
2024,11,red_bull_ring,Austrian Grand Prix,2024-06-30,28.6,41.5,46.1,0,Muy Caluroso,OpenF1 Session Weather API / Archivo Histórico Meteorológico de Carrera
2024,12,silverstone,British Grand Prix,2024-07-07,18.7,19.8,80.9,1,Lluvia / Pista Húmeda,OpenF1 Session Weather API / Archivo Histórico Meteorológico de Carrera
2024,13,hungaroring,Hungarian Grand Prix,2024-07-21,34.9,52.5,52.3,0,Muy Caluroso,OpenF1 Session Weather API / Archivo Histórico Meteorológico de Carrera
2024,14,spa,Belgian Grand Prix,2024-07-28,22.3,34.8,56.9,0,Caluroso,OpenF1 Session Weather API / Archivo Histórico Meteorológico de Carrera
2024,15,zandvoort,Dutch Grand Prix,2024-08-25,25.8,39.5,56.9,0,Caluroso,OpenF1 Session Weather API / Archivo Histórico Meteorológico de Carrera
2024,16,monza,Italian Grand Prix,2024-09-01,24.6,34.9,51.2,0,Caluroso,OpenF1 Session Weather API / Archivo Histórico Meteorológico de Carrera
2024,17,baku,Azerbaijan Grand Prix,2024-09-15,22.9,35.4,46.7,0,Caluroso,OpenF1 Session Weather API / Archivo Histórico Meteorológico de Carrera
2024,18,marina_bay,Singapore Grand Prix,2024-09-22,30.6,43.0,75.5,0,Muy Caluroso,OpenF1 Session Weather API / Archivo Histórico Meteorológico de Carrera
2024,19,americas,United States Grand Prix,2024-10-20,23.7,36.5,51.4,0,Caluroso,OpenF1 Session Weather API / Archivo Histórico Meteorológico de Carrera
2024,20,rodriguez,Mexico City Grand Prix,2024-10-27,24.7,32.8,65.0,0,Caluroso,OpenF1 Session Weather API / Archivo Histórico Meteorológico de Carrera
2024,21,interlagos,Sao Paulo Grand Prix,2024-11-03,17.3,19.7,97.1,1,Lluvia / Pista Húmeda,OpenF1 Session Weather API / Archivo Histórico Meteorológico de Carrera
2024,22,vegas,Las Vegas Grand Prix,2024-11-23,17.7,21.6,31.6,0,Templado / Fresco,OpenF1 Session Weather API / Archivo Histórico Meteorológico de Carrera
2024,23,losail,Qatar Grand Prix,2024-12-01,30.9,40.6,51.6,0,Muy Caluroso,OpenF1 Session Weather API / Archivo Histórico Meteorológico de Carrera
2024,24,yas_marina,Abu Dhabi Grand Prix,2024-12-08,29.6,43.0,58.1,0,Muy Caluroso,OpenF1 Session Weather API / Archivo Histórico Meteorológico de Carrera
2025,1,albert_park,Australian Grand Prix,2025-03-16,15.7,18.9,78.4,1,Lluvia / Pista Húmeda,OpenF1 Session Weather API / Archivo Histórico Meteorológico de Carrera
2025,2,shanghai,Chinese Grand Prix,2025-03-23,27.2,35.8,18.2,0,Caluroso,OpenF1 Session Weather API / Archivo Histórico Meteorológico de Carrera
2025,3,suzuka,Japanese Grand Prix,2025-04-06,14.4,20.5,76.4,0,Templado / Fresco,OpenF1 Session Weather API / Archivo Histórico Meteorológico de Carrera
2025,4,bahrain,Bahrain Grand Prix,2025-04-13,27.1,31.9,45.3,0,Caluroso,OpenF1 Session Weather API / Archivo Histórico Meteorológico de Carrera
2025,5,jeddah,Saudi Arabian Grand Prix,2025-04-20,29.5,37.8,62.7,0,Caluroso,OpenF1 Session Weather API / Archivo Histórico Meteorológico de Carrera
2025,6,miami,Miami Grand Prix,2025-05-04,26.6,38.7,63.0,1,Lluvia / Pista Húmeda,OpenF1 Session Weather API / Archivo Histórico Meteorológico de Carrera
2025,7,imola,Emilia Romagna Grand Prix,2025-05-18,24.0,42.7,38.3,0,Muy Caluroso,OpenF1 Session Weather API / Archivo Histórico Meteorológico de Carrera
2025,8,monaco,Monaco Grand Prix,2025-05-25,22.2,43.3,52.5,0,Muy Caluroso,OpenF1 Session Weather API / Archivo Histórico Meteorológico de Carrera
2025,9,catalunya,Spanish Grand Prix,2025-06-01,29.1,48.5,54.6,0,Muy Caluroso,OpenF1 Session Weather API / Archivo Histórico Meteorológico de Carrera
2025,10,villeneuve,Canadian Grand Prix,2025-06-15,24.0,49.3,28.0,1,Lluvia / Pista Húmeda,OpenF1 Session Weather API / Archivo Histórico Meteorológico de Carrera
2025,11,red_bull_ring,Austrian Grand Prix,2025-06-29,30.3,49.2,32.0,0,Muy Caluroso,OpenF1 Session Weather API / Archivo Histórico Meteorológico de Carrera
2025,12,silverstone,British Grand Prix,2025-07-06,17.9,23.6,78.4,1,Lluvia / Pista Húmeda,OpenF1 Session Weather API / Archivo Histórico Meteorológico de Carrera
2025,13,spa,Belgian Grand Prix,2025-07-27,17.0,24.1,84.4,1,Lluvia / Pista Húmeda,OpenF1 Session Weather API / Archivo Histórico Meteorológico de Carrera
2025,14,hungaroring,Hungarian Grand Prix,2025-08-03,22.0,32.0,57.1,0,Caluroso,OpenF1 Session Weather API / Archivo Histórico Meteorológico de Carrera
2025,15,zandvoort,Dutch Grand Prix,2025-08-31,20.1,28.0,71.2,0,Templado / Fresco,OpenF1 Session Weather API / Archivo Histórico Meteorológico de Carrera
2025,16,monza,Italian Grand Prix,2025-09-07,26.8,43.3,42.6,0,Muy Caluroso,OpenF1 Session Weather API / Archivo Histórico Meteorológico de Carrera
2025,17,baku,Azerbaijan Grand Prix,2025-09-21,20.6,26.1,59.8,0,Templado / Fresco,OpenF1 Session Weather API / Archivo Histórico Meteorológico de Carrera
2025,18,marina_bay,Singapore Grand Prix,2025-10-05,29.1,33.9,74.4,1,Lluvia / Pista Húmeda,OpenF1 Session Weather API / Archivo Histórico Meteorológico de Carrera
2025,19,americas,United States Grand Prix,2025-10-19,28.3,45.0,22.5,0,Muy Caluroso,OpenF1 Session Weather API / Archivo Histórico Meteorológico de Carrera
2025,20,rodriguez,Mexico City Grand Prix,2025-10-26,26.4,50.6,23.2,0,Muy Caluroso,OpenF1 Session Weather API / Archivo Histórico Meteorológico de Carrera
2025,21,interlagos,Sao Paulo Grand Prix,2025-11-09,17.3,30.7,70.6,0,Caluroso,OpenF1 Session Weather API / Archivo Histórico Meteorológico de Carrera
2025,22,vegas,Las Vegas Grand Prix,2025-11-23,16.7,19.5,37.8,0,Templado / Fresco,OpenF1 Session Weather API / Archivo Histórico Meteorológico de Carrera
2025,23,losail,Qatar Grand Prix,2025-11-30,22.6,28.2,69.0,0,Templado / Fresco,OpenF1 Session Weather API / Archivo Histórico Meteorológico de Carrera
2025,24,yas_marina,Abu Dhabi Grand Prix,2025-12-07,26.7,31.1,60.4,0,Caluroso,OpenF1 Session Weather API / Archivo Histórico Meteorológico de Carrera
