carrera,vuelta,reanudada,incidente,pilotos_excluidos,fuente
1950 Indianapolis 500,138,N,Rain.,,Archivo Histórico Oficial TracingInsights / FIA Race Director Notes
1971 Canadian Grand Prix,64,N,Mist.,,Archivo Histórico Oficial TracingInsights / FIA Race Director Notes
1973 British Grand Prix,2,Y,"Crash involving Jody Scheckter, Jean-Pierre Beltoise, George Follmer, Mike Hailwood, Carlos Pace, Jochen Mass, Jackie Oliver, Roger Williamson and Andrea de Adamich.","Jody Scheckter, Jean-Pierre Beltoise, George Follmer, Mike Hailwood, Carlos Pace, Jochen Mass, Jackie Oliver, Roger Williamson and Andrea de Adamich (crash) Graham McRae (throttle) and David Purley (spun off).",Archivo Histórico Oficial TracingInsights / FIA Race Director Notes
1974 Brazilian Grand Prix,32,N,Rain.,,Archivo Histórico Oficial TracingInsights / FIA Race Director Notes
1975 Spanish Grand Prix,29,N,Crash of Rolf Stommelen which killed five spectators. Half points were awarded.,,Archivo Histórico Oficial TracingInsights / FIA Race Director Notes
1975 British Grand Prix,56,N,"Rain and crashes involving Wilson Fittipaldi, Jochen Mass, John Watson, Carlos Pace, Jody Scheckter, James Hunt and Mark Donohue.",,Archivo Histórico Oficial TracingInsights / FIA Race Director Notes
1975 Austrian Grand Prix,29,N,Rain. Half points were awarded.,,Archivo Histórico Oficial TracingInsights / FIA Race Director Notes
1976 British Grand Prix,1,Y,"Crash at the start involving Clay Regazzoni, James Hunt, Jacques Laffite and Niki Lauda.","None, although Clay Regazzoni and Jacques Laffite illegally used their spare cars at the restart, and were subsequently disqualified.",Archivo Histórico Oficial TracingInsights / FIA Race Director Notes
1976 German Grand Prix,2,Y,"Crash involving Niki Lauda, Brett Lunger and Harald Ertl.","Niki Lauda (crashed, injured), Brett Lunger and Harald Ertl (crashed), Chris Amon (withdrawn), Hans-Joachim Stuck (clutch) and Jacques Laffite (gearbox)",Archivo Histórico Oficial TracingInsights / FIA Race Director Notes
1978 Austrian Grand Prix,7,R,Rain. The race was decided by combining the time from the first 7 laps with the time from the restarted 47.,"Mario Andretti, Jody Scheckter, Nelson Piquet, Hector Rebaque, Harald Ertl, Riccardo Patrese, Alan Jones and James Hunt.",Archivo Histórico Oficial TracingInsights / FIA Race Director Notes
1978 Italian Grand Prix,1,S,"Crash involving Ronnie Peterson, Riccardo Patrese, James Hunt, Vittorio Brambilla, Hans-Joachim Stuck, Patrick Depailler, Didier Pironi, Derek Daly, Clay Regazzoni and Brett Lunger. The race was shortened to 40 laps from the scheduled 52 due to the concerns over darkness.","Ronnie Peterson (fatal crash), Vittorio Brambilla (injured), Hans-Joachim Stuck, Didier Pironi and Brett Lunger.",Archivo Histórico Oficial TracingInsights / FIA Race Director Notes
1979 Argentine Grand Prix,1,Y,"A huge crash involving Jody Scheckter, Arturo Merzario, Didier Pironi, Nelson Piquet, John Watson, Patrick Tambay and Mario Andretti.","Jody Scheckter, Arturo Merzario, Didier Pironi, Nelson Piquet and Patrick Tambay.",Archivo Histórico Oficial TracingInsights / FIA Race Director Notes
1979 South African Grand Prix,2,R,Rain.,,Archivo Histórico Oficial TracingInsights / FIA Race Director Notes
1980 Canadian Grand Prix,1,Y,"Crash involving Jean-Pierre Jarier, Derek Daly, Emerson Fittipaldi, Keke Rosberg, Mario Andretti, Gilles Villeneuve and Jochen Mass.",Derek Daly (crashed) and Mike Thackwell (lending his car to Jean-Pierre Jarier after Jarier crashed his car before the restart).,Archivo Histórico Oficial TracingInsights / FIA Race Director Notes
1981 Belgian Grand Prix,2,R,"Start crash that involved Riccardo Patrese and teammate Siegfried Stohr, injuring Patrese's mechanic.",Riccardo Patrese and Siegfried Stohr,Archivo Histórico Oficial TracingInsights / FIA Race Director Notes
1981 Belgian Grand Prix,54,N,Rain.,,Archivo Histórico Oficial TracingInsights / FIA Race Director Notes
1981 French Grand Prix,58,R,Rain. The race was decided by combining the time from the first 58 laps with the time from the restarted 22.,,Archivo Histórico Oficial TracingInsights / FIA Race Director Notes
1982 Detroit Grand Prix,7,S,"Crash involving Elio de Angelis, Roberto Guerrero, and Riccardo Patrese. The race was decided by combining the time from the first 6 laps with the time from the restarted 64, shortened to 56 due to the two-hour time limit.",Riccardo Patrese and Roberto Guerrero,Archivo Histórico Oficial TracingInsights / FIA Race Director Notes
1982 Canadian Grand Prix,1,Y,"Didier Pironi stalled his car at the start, causing Riccardo Paletti to crash fatally into the back of Pironi's car. Geoff Lees, Raul Boesel and Eliseo Salazar were also involved in separate crashes at the start.","Riccardo Paletti (fatal crash), Geoff Lees (crashed) and Jean-Pierre Jarier (withdrawn after teammate Paletti died).",Archivo Histórico Oficial TracingInsights / FIA Race Director Notes
1984 Monaco Grand Prix,31,N,Rain. Half points were awarded.,,Archivo Histórico Oficial TracingInsights / FIA Race Director Notes
1984 Detroit Grand Prix,1,Y,"Crash at the start involving Nelson Piquet, Ayrton Senna, Michele Alboreto and Marc Surer",Marc Surer,Archivo Histórico Oficial TracingInsights / FIA Race Director Notes
1984 British Grand Prix,11,S,"Crash of Jonathan Palmer. The race was restarted for 60 laps, rather than the original 64.",,Archivo Histórico Oficial TracingInsights / FIA Race Director Notes
1984 Austrian Grand Prix,1,Y,Improper start procedure.,,Archivo Histórico Oficial TracingInsights / FIA Race Director Notes
1985 Austrian Grand Prix,1,Y,"Crash at the start involving Teo Fabi, Elio de Angelis, Michele Alboreto and Gerhard Berger.",Piercarlo Ghinzani,Archivo Histórico Oficial TracingInsights / FIA Race Director Notes
1986 British Grand Prix,1,Y,"Nigel Mansell suffered a driveshaft failure at the start, resulting in a crash involving a number of cars which included Thierry Boutsen, Jacques Laffite, Christian Danner, Piercarlo Ghinzani, Allen Berg and Jonathan Palmer.","Jacques Laffite (crash, injured), Christian Danner, Piercarlo Ghinzani and Allen Berg.",Archivo Histórico Oficial TracingInsights / FIA Race Director Notes
1987 Belgian Grand Prix,2,Y,Crash involving Jonathan Palmer and Philippe Streiff.,Jonathan Palmer,Archivo Histórico Oficial TracingInsights / FIA Race Director Notes
1987 Austrian Grand Prix,1,Y,"The first race start ended quickly after Martin Brundle crashed, then Jonathan Palmer, Philippe Streiff and Piercarlo Ghinzani collided.",,Archivo Histórico Oficial TracingInsights / FIA Race Director Notes
1987 Austrian Grand Prix,1,Y,"The second race start ended quickly after Nigel Mansell crawled away with clutch problems and then Eddie Cheever and Riccardo Patrese collided and half the grid, including Stefan Johansson, Alex Caffi, Ivan Capelli, Pascal Fabre, Philippe Alliot, Martin Brundle and Christian Danner were involved in the ensuing pile-up.",Philippe Streiff,Archivo Histórico Oficial TracingInsights / FIA Race Director Notes
1987 Portuguese Grand Prix,2,Y,"A multi-car collision on the opening lap. Nelson Piquet and Michele Alboreto collided at the start. Derek Warwick, Satoru Nakajima, Martin Brundle, Christian Danner, Philippe Alliot, Rene Arnoux and Adrian Campos were all involved in the ensuing crash.",Christian Danner,Archivo Histórico Oficial TracingInsights / FIA Race Director Notes
1987 Mexican Grand Prix,30,S,Crash of Derek Warwick. The race was decided by combining the time from the first 30 laps with the time from the restarted 33.,,Archivo Histórico Oficial TracingInsights / FIA Race Director Notes
1988 Portuguese Grand Prix,1,Y,"After the first start was aborted, the second start was red-flagged after Derek Warwick stalled his car and was hit by Andrea de Cesaris, with Luis Perez-Sala and Satoru Nakajima also involved.",,Archivo Histórico Oficial TracingInsights / FIA Race Director Notes
1989 San Marino Grand Prix,4,S,"Crash of Gerhard Berger. The race was shortened from 61 to 58 laps, and was decided by combining the time from the first 3 laps with the time from the restarted 55.",Gerhard Berger (injured),Archivo Histórico Oficial TracingInsights / FIA Race Director Notes
1989 Mexican Grand Prix,2,Y,Crash involving several cars.,,Archivo Histórico Oficial TracingInsights / FIA Race Director Notes
1989 French Grand Prix,1,Y,"Crash involving Nigel Mansell, Mauricio Gugelmin, Thierry Boutsen, Rene Arnoux and Jonathan Palmer",,Archivo Histórico Oficial TracingInsights / FIA Race Director Notes
1989 Australian Grand Prix,2,Y,Crash involving JJ Lehto.,"Nicola Larini, Alain Prost (withdrew)",Archivo Histórico Oficial TracingInsights / FIA Race Director Notes
1990 Monaco Grand Prix,1,Y,Crash involving Gerhard Berger and Alain Prost.,,Archivo Histórico Oficial TracingInsights / FIA Race Director Notes
1990 Belgian Grand Prix,1,Y,"Multiple crashes on the first lap, involving Martin Donnelly, Nigel Mansell, Aguri Suzuki and several others.",Aguri Suzuki,Archivo Histórico Oficial TracingInsights / FIA Race Director Notes
1990 Belgian Grand Prix,1,Y,"Crash involving Paolo Barilla, resulting in a damaged guardrail.",Paolo Barilla,Archivo Histórico Oficial TracingInsights / FIA Race Director Notes
1990 Italian Grand Prix,2,Y,Crash of Derek Warwick.,,Archivo Histórico Oficial TracingInsights / FIA Race Director Notes
1990 Portuguese Grand Prix,61,N,Crash involving Aguri Suzuki and Alex Caffi.,,Archivo Histórico Oficial TracingInsights / FIA Race Director Notes
1991 Australian Grand Prix,14,N,Rain. Half points were awarded.,,Archivo Histórico Oficial TracingInsights / FIA Race Director Notes
1992 French Grand Prix,18,S,Rain. The race was decided by combining the time from the first 18 laps with the time from the restarted 51.,,Archivo Histórico Oficial TracingInsights / FIA Race Director Notes
1994 San Marino Grand Prix,7,S,"Fatal crash of Ayrton Senna. The race was shortened from 61 to 58 laps, and was decided by combining the time from the first 5 laps with the time from the restarted 53.","Ayrton Senna (fatal crash), Erik Comas (withdrew)",Archivo Histórico Oficial TracingInsights / FIA Race Director Notes
1994 Italian Grand Prix,1,Y,Crash involving several cars.,,Archivo Histórico Oficial TracingInsights / FIA Race Director Notes
1994 Japanese Grand Prix,15,S,"Rain and a crash involving Martin Brundle, resulting in an injured marshal. The race was restarted with race leader Michael Schumacher behind the safety car and was decided by combining the time from the first 13 laps with the time of the restarted 37.",Martin Brundle,Archivo Histórico Oficial TracingInsights / FIA Race Director Notes
1995 Argentine Grand Prix,1,Y,"Several crashes involving Jean Alesi, Mika Salo, Luca Badoer, Olivier Panis, Pierluigi Martini, Johnny Herbert, Rubens Barrichello and Ukyo Katayama.",Luca Badoer,Archivo Histórico Oficial TracingInsights / FIA Race Director Notes
1995 Monaco Grand Prix,1,Y,"Crash involving Jean Alesi, Gerhard Berger and David Coulthard.","Domenico Schiattarella, Jos Verstappen",Archivo Histórico Oficial TracingInsights / FIA Race Director Notes
1995 Italian Grand Prix,1,Y,"Crash involving Max Papis, Jean-Christophe Boullion, Andrea Montermini, Pedro Diniz and Roberto Moreno.",Andrea Montermini and Roberto Moreno.,Archivo Histórico Oficial TracingInsights / FIA Race Director Notes
1995 Portuguese Grand Prix,1,Y,"Crash involving Ukyo Katayama, Luca Badoer, Pedro Diniz and Roberto Moreno.","Ukyo Katayama (crash, injured) and Max Papis (gearbox)",Archivo Histórico Oficial TracingInsights / FIA Race Director Notes
1996 Australian Grand Prix,1,Y,"Crash involving Martin Brundle, David Coulthard and Johnny Herbert.",Johnny Herbert,Archivo Histórico Oficial TracingInsights / FIA Race Director Notes
1997 Brazilian Grand Prix,1,Y,"Rubens Barrichello stalled his car at the start, followed by several crashes involving Giancarlo Fisichella, Jacques Villeneuve, Jan Magnussen, Damon Hill, Johnny Herbert and Eddie Irvine.",Jan Magnussen,Archivo Histórico Oficial TracingInsights / FIA Race Director Notes
1997 Canadian Grand Prix,56,N,Crash of Olivier Panis.,,Archivo Histórico Oficial TracingInsights / FIA Race Director Notes
1998 Canadian Grand Prix,1,Y,"Crash involving Jean Alesi, Johnny Herbert, Jarno Trulli and Alexander Wurz.",,Archivo Histórico Oficial TracingInsights / FIA Race Director Notes
1998 French Grand Prix,1,S,Jos Verstappen stalled his car at the start.,,Archivo Histórico Oficial TracingInsights / FIA Race Director Notes
1998 Belgian Grand Prix,1,Y,"Massive crash involving David Coulthard, Jos Verstappen, Eddie Irvine, Alexander Wurz, Rubens Barrichello, Johnny Herbert, Olivier Panis, Jarno Trulli, Mika Salo, Pedro Diniz, Toranosuke Takagi, Ricardo Rosset and Shinji Nakano.","Rubens Barrichello, Ricardo Rosset, Mika Salo and Olivier Panis.",Archivo Histórico Oficial TracingInsights / FIA Race Director Notes
1999 British Grand Prix,1,Y,Jacques Villeneuve and Alessandro Zanardi stalled their cars at the start. Michael Schumacher crashed after the red flag was shown.,"Michael Schumacher (crash, injured)",Archivo Histórico Oficial TracingInsights / FIA Race Director Notes
2000 Monaco Grand Prix,1,Y,Initially shown due to a technical fault in the FIA computer. Pedro de la Rosa and Jenson Button collided after the red flag was shown.,Pedro de la Rosa,Archivo Histórico Oficial TracingInsights / FIA Race Director Notes
2001 German Grand Prix,2,Y,Crash involving Luciano Burti and Michael Schumacher.,,Archivo Histórico Oficial TracingInsights / FIA Race Director Notes
2001 Belgian Grand Prix,5,S,"Crash involving Luciano Burti and Eddie Irvine, resulting in a damaged tyre wall.","Luciano Burti (crash, injured), Eddie Irvine (crash), Kimi Raikkonen (transmission) and Fernando Alonso (gearbox)",Archivo Histórico Oficial TracingInsights / FIA Race Director Notes
2003 Brazilian Grand Prix,56,N,Crashes of Mark Webber and Fernando Alonso.,,Archivo Histórico Oficial TracingInsights / FIA Race Director Notes
2007 European Grand Prix,5,R,"Torrential rain and crashes involving Jenson Button, Nico Rosberg, Adrian Sutil, Lewis Hamilton, Scott Speed and Vitantonio Liuzzi.","Jenson Button, Nico Rosberg, Adrian Sutil, Scott Speed and Vitantonio Liuzzi.",Archivo Histórico Oficial TracingInsights / FIA Race Director Notes
2009 Malaysian Grand Prix,33,N,"Torrential rain and crashes of Sebastien Buemi, Sebastian Vettel and Giancarlo Fisichella. Half points were awarded.",,Archivo Histórico Oficial TracingInsights / FIA Race Director Notes
2010 Korean Grand Prix,3,R,Rain.,,Archivo Histórico Oficial TracingInsights / FIA Race Director Notes
2011 Monaco Grand Prix,72,R,"Crash involving Adrian Sutil, Lewis Hamilton, Jaime Alguersuari and Vitaly Petrov.",Jaime Alguersuari and Vitaly Petrov,Archivo Histórico Oficial TracingInsights / FIA Race Director Notes
2011 Canadian Grand Prix,25,R,Rain.,,Archivo Histórico Oficial TracingInsights / FIA Race Director Notes
2012 Malaysian Grand Prix,9,R,Rain.,,Archivo Histórico Oficial TracingInsights / FIA Race Director Notes
2013 Monaco Grand Prix,46,R,"Crash involving Pastor Maldonado and Max Chilton, resulting in a damaged barrier blocking the track.",Pastor Maldonado,Archivo Histórico Oficial TracingInsights / FIA Race Director Notes
2014 British Grand Prix,1,R,"Crash involving Kimi Raikkonen, Felipe Massa and Kamui Kobayashi, resulting in a damaged guardrail.",Kimi Raikkonen and Felipe Massa,Archivo Histórico Oficial TracingInsights / FIA Race Director Notes
2014 Japanese Grand Prix,2,R,Torrential rain as a consequence of Typhoon Phanfone.,,Archivo Histórico Oficial TracingInsights / FIA Race Director Notes
2014 Japanese Grand Prix,46,N,Fatal crash of Jules Bianchi.,,Archivo Histórico Oficial TracingInsights / FIA Race Director Notes
2016 Australian Grand Prix,18,R,Crash involving Fernando Alonso and Esteban Gutierrez.,"Fernando Alonso (crash, injured), Esteban Gutierrez (crash) and Rio Haryanto (mechanical problem during red flag period)",Archivo Histórico Oficial TracingInsights / FIA Race Director Notes
2016 Belgian Grand Prix,9,R,"Crash of Kevin Magnussen, resulting in a damaged barrier.",Kevin Magnussen,Archivo Histórico Oficial TracingInsights / FIA Race Director Notes
2016 Brazilian Grand Prix,21,R,Rain and crash of Kimi Raikkonen.,"Jolyon Palmer, Kimi Raikkonen",Archivo Histórico Oficial TracingInsights / FIA Race Director Notes
2016 Brazilian Grand Prix,28,R,Rain.,,Archivo Histórico Oficial TracingInsights / FIA Race Director Notes
2017 Azerbaijan Grand Prix,22,R,Debris on the track following multiple incidents.,,Archivo Histórico Oficial TracingInsights / FIA Race Director Notes
2020 Italian Grand Prix,27,R,"Crash of Charles Leclerc, resulting in a damaged barrier.",Charles Leclerc,Archivo Histórico Oficial TracingInsights / FIA Race Director Notes
2020 Tuscan Grand Prix,9,R,"Crash involving Carlos Sainz Jr., Nicholas Latifi, Kevin Magnussen and Antonio Giovinazzi.","Carlos Sainz Jr., Nicholas Latifi, Kevin Magnussen, Antonio Giovinazzi (all crash) and Esteban Ocon (brakes)",Archivo Histórico Oficial TracingInsights / FIA Race Director Notes
2020 Tuscan Grand Prix,46,R,"Crash of Lance Stroll, resulting in a damaged barrier.",Lance Stroll,Archivo Histórico Oficial TracingInsights / FIA Race Director Notes
2020 Bahrain Grand Prix,1,R,Crash of Romain Grosjean.,"Romain Grosjean (crash, injured)",Archivo Histórico Oficial TracingInsights / FIA Race Director Notes
2021 Emilia Romagna Grand Prix,33,R,"Crash involving Valtteri Bottas and George Russell, resulting in debris on the track.","Valtteri Bottas, George Russell",Archivo Histórico Oficial TracingInsights / FIA Race Director Notes
2021 Azerbaijan Grand Prix,48,R,"Crash of Max Verstappen, resulting in debris on the track.",Max Verstappen,Archivo Histórico Oficial TracingInsights / FIA Race Director Notes
2021 British Grand Prix,2,R,"Crash involving Lewis Hamilton and Max Verstappen, resulting in a damaged barrier.",Max Verstappen,Archivo Histórico Oficial TracingInsights / FIA Race Director Notes
2021 Hungarian Grand Prix,2,R,"Crashes involving Valtteri Bottas, Lando Norris, Max Verstappen, Sergio Perez, Lance Stroll, Daniel Ricciardo and Charles Leclerc, resulting in debris on the track.","Valtteri Bottas, Charles Leclerc, Lance Stroll, Sergio Perez, Lando Norris (all crash)",Archivo Histórico Oficial TracingInsights / FIA Race Director Notes
2021 Belgian Grand Prix,3,N,Rain. Half points were awarded.,,Archivo Histórico Oficial TracingInsights / FIA Race Director Notes
2021 Saudi Arabian Grand Prix,13,R,"Crash of Mick Schumacher, resulting in a damaged barrier.",Mick Schumacher (crash),Archivo Histórico Oficial TracingInsights / FIA Race Director Notes
2021 Saudi Arabian Grand Prix,15,R,"Crashes involving Charles Leclerc, Nikita Mazepin, Sergio Perez and George Russell.","Nikita Mazepin, Sergio Perez and George Russell (all crash)",Archivo Histórico Oficial TracingInsights / FIA Race Director Notes
2022 Monaco Grand Prix,30,S,"Crash of Mick Schumacher, resulting in a damaged barrier.",Mick Schumacher (crash),Archivo Histórico Oficial TracingInsights / FIA Race Director Notes
2022 British Grand Prix,1,R,"Crash involving Pierre Gasly, George Russell, Zhou Guanyu, Yuki Tsunoda, Esteban Ocon, Alexander Albon and Sebastian Vettel.","George Russell, Zhou Guanyu and Alexander Albon (all crash)",Archivo Histórico Oficial TracingInsights / FIA Race Director Notes
2022 Japanese Grand Prix,2,S,Rain and crash of Carlos Sainz Jr.,Carlos Sainz Jr. (crash) and Alexander Albon (collision damage),Archivo Histórico Oficial TracingInsights / FIA Race Director Notes
2023 Australian Grand Prix,9,R,"Crash of Alexander Albon, resulting in a damaged barrier.",Alexander Albon (crash),Archivo Histórico Oficial TracingInsights / FIA Race Director Notes
2023 Australian Grand Prix,56,R,Crash of Kevin Magnussen.,Kevin Magnussen (crash),Archivo Histórico Oficial TracingInsights / FIA Race Director Notes
2023 Australian Grand Prix,57,R,"Crashes involving Logan Sargeant, Nyck de Vries, Esteban Ocon and Pierre Gasly.","Logan Sargeant, Nyck de Vries, Esteban Ocon and Pierre Gasly (all crash)",Archivo Histórico Oficial TracingInsights / FIA Race Director Notes
2023 Dutch Grand Prix,64,R,"Rain and crash of Zhou Guanyu, resulting in a damaged barrier.",Zhou Guanyu (crash),Archivo Histórico Oficial TracingInsights / FIA Race Director Notes
2023 Mexico City Grand Prix,34,R,"Crash of Kevin Magnussen, resulting in a damaged barrier.",Kevin Magnussen (crash),Archivo Histórico Oficial TracingInsights / FIA Race Director Notes
2023 São Paulo Grand Prix,2,R,"Crash involving Alexander Albon and Kevin Magnussen, resulting in a damaged barrier and debris on the track.","Alexander Albon, Kevin Magnussen",Archivo Histórico Oficial TracingInsights / FIA Race Director Notes
2024 Japanese Grand Prix,1,R,Crash involving Daniel Ricciardo and Alexander Albon.,"Daniel Ricciardo, Alexander Albon",Archivo Histórico Oficial TracingInsights / FIA Race Director Notes
2024 Monaco Grand Prix,1,R,"Crash involving Sergio Perez, Nico Hulkenberg and Kevin Magnussen, resulting in debris on the track.","Sergio Perez, Nico Hulkenberg, Kevin Magnussen (all crash) and Esteban Ocon (collision damage)",Archivo Histórico Oficial TracingInsights / FIA Race Director Notes
2024 São Paulo Grand Prix,32,S,Crash of Franco Colapinto.,Franco Colapinto,Archivo Histórico Oficial TracingInsights / FIA Race Director Notes
2026 Monaco Grand Prix,68,R,Crash of Charles Leclerc and suspected damage to tarmac.,Charles Leclerc,Archivo Histórico Oficial TracingInsights / FIA Race Director Notes
2026 Dutch Grand Prix,2,R,"Crash of Max Verstappen, resulting in a damaged barrier and debris on the track.",Max Verstappen (crash) and Oliver Bearman (engine),Archivo Histórico Oficial TracingInsights / FIA Race Director Notes
2026 Italian Grand Prix,3,R,"Crash of Charles Leclerc, resulting in a damaged barrier.",Charles Leclerc,Archivo Histórico Oficial TracingInsights / FIA Race Director Notes
