temporada,ronda,fecha,id_circuito,nombre_circuito,pais,nombre_carrera,arquetipo_pista,longitud_km,cantidad_curvas,densidad_curvas_por_km,temp_aire_c,temp_pista_c,humedad_pct,hubo_lluvia,condicion_clima,piloto_ganador,constructor_ganador,piloto_pole,constructor_pole,piloto_vuelta_rapida,tiempo_vuelta_rapida_seg,promedio_paradas_carrera,total_paradas_carrera,total_abandonos,volatilidad_puestos_promedio,correlacion_qualy_carrera,compuesto_duro,compuesto_medio,compuesto_blando,despliegues_safety_car,despliegues_vsc,hubo_bandera_roja,fuente
2018,1,2018-03-25,albert_park,Albert Park Grand Prix Circuit,Australia,Australian Grand Prix,Baja Densidad / Rapido,5.278,14,2.65,22.2,36.9,62.6,0,Caluroso,Sebastian Vettel,Ferrari,Lewis Hamilton,Mercedes,Daniel Ricciardo,85.945,1.0,20,5,3.1,0.707,SOFT,SUPERSOFT,ULTRASOFT,1,1,0,BeyondGrid AI Resumen de Gran Premio / FIA Official Data
2018,2,2018-04-08,bahrain,Bahrain International Circuit,Bahrain,Bahrain Grand Prix,Baja Densidad / Rapido,5.412,15,2.77,31.4,42.5,59.2,0,Muy Caluroso,Sebastian Vettel,Ferrari,Sebastian Vettel,Ferrari,Valtteri Bottas,93.74,1.65,33,3,4.9,0.35,MEDIUM,SOFT,SUPERSOFT,0,1,0,BeyondGrid AI Resumen de Gran Premio / FIA Official Data
2018,3,2018-04-15,shanghai,Shanghai International Circuit,China,Chinese Grand Prix,Media Densidad / Equilibrado,5.451,16,2.94,24.7,35.1,54.5,0,Caluroso,Daniel Ricciardo,Red Bull,Sebastian Vettel,Ferrari,Daniel Ricciardo,95.785,1.5,30,1,2.5,0.82,MEDIUM,SOFT,ULTRASOFT,1,0,0,BeyondGrid AI Resumen de Gran Premio / FIA Official Data
2018,4,2018-04-29,baku,Baku City Circuit,Azerbaijan,Azerbaijan Grand Prix,Media Densidad / Equilibrado,6.003,20,3.33,25.6,37.5,58.7,0,Caluroso,Lewis Hamilton,Mercedes,Sebastian Vettel,Ferrari,Valtteri Bottas,105.149,1.8,36,7,6.3,0.226,SOFT,SUPERSOFT,ULTRASOFT,2,0,0,BeyondGrid AI Resumen de Gran Premio / FIA Official Data
2018,5,2018-05-13,catalunya,Circuit de Barcelona-Catalunya,Spain,Spanish Grand Prix,Media Densidad / Equilibrado,4.657,14,3.01,32.6,48.9,40.2,0,Muy Caluroso,Lewis Hamilton,Mercedes,Lewis Hamilton,Mercedes,Daniel Ricciardo,78.441,1.05,21,6,4.0,0.594,MEDIUM,SOFT,SUPERSOFT,1,1,0,BeyondGrid AI Resumen de Gran Premio / FIA Official Data
2018,6,2018-05-27,monaco,Circuit de Monaco,Monaco,Monaco Grand Prix,Alta Densidad / Trabado,3.337,19,5.69,22.3,33.5,52.4,0,Caluroso,Daniel Ricciardo,Red Bull,Daniel Ricciardo,Red Bull,Max Verstappen,74.26,1.3,26,3,3.1,0.672,SUPERSOFT,ULTRASOFT,HYPERSOFT,0,1,0,BeyondGrid AI Resumen de Gran Premio / FIA Official Data
2018,7,2018-06-10,villeneuve,Circuit Gilles Villeneuve,Canada,Canadian Grand Prix,Media Densidad / Equilibrado,4.361,14,3.21,21.2,29.7,46.4,0,Templado / Fresco,Sebastian Vettel,Ferrari,Sebastian Vettel,Ferrari,Max Verstappen,73.864,1.0,20,3,2.4,0.836,SUPERSOFT,ULTRASOFT,HYPERSOFT,1,0,0,BeyondGrid AI Resumen de Gran Premio / FIA Official Data
2018,8,2018-06-24,ricard,Circuit Paul Ricard,France,French Grand Prix,Baja Densidad / Rapido,5.842,15,2.57,32.8,50.7,41.8,0,Muy Caluroso,Lewis Hamilton,Mercedes,Lewis Hamilton,Mercedes,Valtteri Bottas,94.225,1.0,20,5,3.0,0.797,SOFT,SUPERSOFT,ULTRASOFT,1,1,0,BeyondGrid AI Resumen de Gran Premio / FIA Official Data
2018,9,2018-07-01,red_bull_ring,Red Bull Ring,Austria,Austrian Grand Prix,Baja Densidad / Rapido,4.318,10,2.32,34.9,49.1,37.1,0,Muy Caluroso,Max Verstappen,Red Bull,Valtteri Bottas,Mercedes,Kimi Raikkonen,66.957,1.15,23,6,5.6,0.164,SOFT,SUPERSOFT,ULTRASOFT,0,1,0,BeyondGrid AI Resumen de Gran Premio / FIA Official Data
2018,10,2018-07-08,silverstone,Silverstone Circuit,UK,British Grand Prix,Media Densidad / Equilibrado,5.891,18,3.06,21.9,36.2,48.3,0,Caluroso,Sebastian Vettel,Ferrari,Lewis Hamilton,Mercedes,Sebastian Vettel,90.696,1.4,28,6,3.5,0.665,HARD,MEDIUM,SOFT,2,0,0,BeyondGrid AI Resumen de Gran Premio / FIA Official Data
2018,11,2018-07-22,hockenheimring,Hockenheimring,Germany,German Grand Prix,Alta Densidad / Trabado,4.574,17,3.72,22.0,25.8,85.5,1,Lluvia / Pista Húmeda,Lewis Hamilton,Mercedes,Sebastian Vettel,Ferrari,Lewis Hamilton,75.545,2.0,40,5,4.5,0.408,MEDIUM,SOFT,ULTRASOFT,1,0,0,BeyondGrid AI Resumen de Gran Premio / FIA Official Data
2018,12,2018-07-29,hungaroring,Hungaroring,Hungary,Hungarian Grand Prix,Media Densidad / Equilibrado,4.381,14,3.2,19.9,22.4,86.8,1,Lluvia / Pista Húmeda,Lewis Hamilton,Mercedes,Lewis Hamilton,Mercedes,Daniel Ricciardo,80.012,1.0,20,3,3.0,0.741,MEDIUM,SOFT,ULTRASOFT,0,2,0,BeyondGrid AI Resumen de Gran Premio / FIA Official Data
2018,13,2018-08-26,spa,Circuit de Spa-Francorchamps,Belgium,Belgian Grand Prix,Baja Densidad / Rapido,7.004,19,2.71,22.4,30.4,46.1,0,Caluroso,Sebastian Vettel,Ferrari,Lewis Hamilton,Mercedes,Valtteri Bottas,106.286,1.7,34,5,3.9,0.576,MEDIUM,SOFT,SUPERSOFT,1,0,0,BeyondGrid AI Resumen de Gran Premio / FIA Official Data
2018,14,2018-09-02,monza,Autodromo Nazionale di Monza,Italy,Italian Grand Prix,Baja Densidad / Rapido,5.793,11,1.9,23.2,35.1,56.1,0,Caluroso,Lewis Hamilton,Mercedes,Kimi Raikkonen,Ferrari,Lewis Hamilton,82.497,1.05,21,4,3.6,0.66,MEDIUM,SOFT,SUPERSOFT,1,0,0,BeyondGrid AI Resumen de Gran Premio / FIA Official Data
2018,15,2018-09-16,marina_bay,Marina Bay Street Circuit,Singapore,Singapore Grand Prix,Alta Densidad / Trabado,4.94,19,3.85,30.5,38.7,81.1,0,Caluroso,Lewis Hamilton,Mercedes,Lewis Hamilton,Mercedes,Kevin Magnussen,101.905,1.25,25,1,2.9,0.708,SOFT,ULTRASOFT,HYPERSOFT,1,0,0,BeyondGrid AI Resumen de Gran Premio / FIA Official Data
2018,16,2018-09-30,sochi,Sochi Autodrom,Russia,Russian Grand Prix,Media Densidad / Equilibrado,5.848,18,3.08,23.1,35.7,63.5,0,Caluroso,Lewis Hamilton,Mercedes,Valtteri Bottas,Mercedes,Valtteri Bottas,95.861,1.0,20,2,2.9,0.663,SOFT,ULTRASOFT,HYPERSOFT,0,0,0,BeyondGrid AI Resumen de Gran Premio / FIA Official Data
2018,17,2018-10-07,suzuka,Suzuka Circuit,Japan,Japanese Grand Prix,Media Densidad / Equilibrado,5.807,18,3.1,20.4,35.2,60.6,0,Caluroso,Lewis Hamilton,Mercedes,Lewis Hamilton,Mercedes,Sebastian Vettel,92.318,1.15,23,3,3.7,0.654,MEDIUM,SOFT,SUPERSOFT,1,1,0,BeyondGrid AI Resumen de Gran Premio / FIA Official Data
2018,18,2018-10-21,americas,Circuit of the Americas,USA,United States Grand Prix,Alta Densidad / Trabado,5.513,20,3.63,25.6,34.7,50.9,0,Caluroso,Kimi Raikkonen,Ferrari,Lewis Hamilton,Mercedes,Lewis Hamilton,97.392,1.2,24,6,5.7,0.211,SOFT,SUPERSOFT,ULTRASOFT,0,1,0,BeyondGrid AI Resumen de Gran Premio / FIA Official Data
2018,19,2018-10-28,rodriguez,Autodromo Hermanos Rodriguez,Mexico,Mexican Grand Prix,Alta Densidad / Trabado,4.304,17,3.95,23.2,37.1,61.0,0,Caluroso,Max Verstappen,Red Bull,Daniel Ricciardo,Red Bull,Valtteri Bottas,78.741,1.45,29,4,4.1,0.472,SUPERSOFT,ULTRASOFT,HYPERSOFT,0,2,0,BeyondGrid AI Resumen de Gran Premio / FIA Official Data
2018,20,2018-11-11,interlagos,Autodromo Jose Carlos Pace,Brazil,Brazilian Grand Prix,Media Densidad / Equilibrado,4.309,15,3.48,21.1,29.3,60.9,0,Templado / Fresco,Lewis Hamilton,Mercedes,Lewis Hamilton,Mercedes,Valtteri Bottas,70.54,1.25,25,2,3.2,0.687,MEDIUM,SOFT,SUPERSOFT,0,0,0,BeyondGrid AI Resumen de Gran Premio / FIA Official Data
2018,21,2018-11-25,yas_marina,Yas Marina Circuit,UAE,Abu Dhabi Grand Prix,Media Densidad / Equilibrado,5.281,16,3.03,27.7,41.5,57.6,0,Muy Caluroso,Lewis Hamilton,Mercedes,Lewis Hamilton,Mercedes,Sebastian Vettel,100.867,0.9,18,5,4.4,0.523,SUPERSOFT,ULTRASOFT,HYPERSOFT,1,0,0,BeyondGrid AI Resumen de Gran Premio / FIA Official Data
2019,1,2019-03-17,albert_park,Albert Park Grand Prix Circuit,Australia,Australian Grand Prix,Baja Densidad / Rapido,5.278,14,2.65,26.4,36.0,63.1,0,Caluroso,Valtteri Bottas,Mercedes,Lewis Hamilton,Mercedes,Valtteri Bottas,85.58,1.1,22,3,3.2,0.719,C2,C3,C4,0,0,0,BeyondGrid AI Resumen de Gran Premio / FIA Official Data
2019,2,2019-03-31,bahrain,Bahrain International Circuit,Bahrain,Bahrain Grand Prix,Baja Densidad / Rapido,5.412,15,2.77,28.6,37.1,45.4,0,Caluroso,Lewis Hamilton,Mercedes,Charles Leclerc,Ferrari,Charles Leclerc,93.411,2.0,40,4,4.1,0.623,C1,C2,C3,1,0,0,BeyondGrid AI Resumen de Gran Premio / FIA Official Data
2019,3,2019-04-14,shanghai,Shanghai International Circuit,China,Chinese Grand Prix,Media Densidad / Equilibrado,5.451,16,2.94,21.7,34.3,64.0,0,Caluroso,Lewis Hamilton,Mercedes,Valtteri Bottas,Mercedes,Pierre Gasly,94.742,1.85,37,3,3.0,0.696,C2,C3,C4,0,0,0,BeyondGrid AI Resumen de Gran Premio / FIA Official Data
2019,4,2019-04-28,baku,Baku City Circuit,Azerbaijan,Azerbaijan Grand Prix,Media Densidad / Equilibrado,6.003,20,3.33,23.8,37.1,52.0,0,Caluroso,Valtteri Bottas,Mercedes,Valtteri Bottas,Mercedes,Charles Leclerc,103.009,1.3,26,4,3.15,0.661,C2,C3,C4,0,1,0,BeyondGrid AI Resumen de Gran Premio / FIA Official Data
2019,5,2019-05-12,catalunya,Circuit de Barcelona-Catalunya,Spain,Spanish Grand Prix,Media Densidad / Equilibrado,4.657,14,3.01,34.4,51.1,54.5,0,Muy Caluroso,Lewis Hamilton,Mercedes,Valtteri Bottas,Mercedes,Lewis Hamilton,78.492,1.85,37,2,1.9,0.851,C1,C2,C3,1,0,0,BeyondGrid AI Resumen de Gran Premio / FIA Official Data
2019,6,2019-05-26,monaco,Circuit de Monaco,Monaco,Monaco Grand Prix,Alta Densidad / Trabado,3.337,19,5.69,26.4,39.9,53.4,0,Caluroso,Lewis Hamilton,Mercedes,Lewis Hamilton,Mercedes,Pierre Gasly,74.279,1.15,23,1,2.5,0.847,C3,C4,C5,1,0,0,BeyondGrid AI Resumen de Gran Premio / FIA Official Data
2019,7,2019-06-09,villeneuve,Circuit Gilles Villeneuve,Canada,Canadian Grand Prix,Media Densidad / Equilibrado,4.361,14,3.21,25.1,33.6,55.8,0,Caluroso,Lewis Hamilton,Mercedes,Sebastian Vettel,Ferrari,Valtteri Bottas,73.078,1.1,22,2,2.5,0.771,C3,C4,C5,0,0,0,BeyondGrid AI Resumen de Gran Premio / FIA Official Data
2019,8,2019-06-23,ricard,Circuit Paul Ricard,France,French Grand Prix,Baja Densidad / Rapido,5.842,15,2.57,28.2,41.0,38.3,0,Muy Caluroso,Lewis Hamilton,Mercedes,Lewis Hamilton,Mercedes,Sebastian Vettel,92.74,1.15,23,1,2.4,0.851,C2,C3,C4,0,1,0,BeyondGrid AI Resumen de Gran Premio / FIA Official Data
2019,9,2019-06-30,red_bull_ring,Red Bull Ring,Austria,Austrian Grand Prix,Baja Densidad / Rapido,4.318,10,2.32,33.6,51.4,41.5,0,Muy Caluroso,Max Verstappen,Red Bull,Charles Leclerc,Ferrari,Max Verstappen,67.475,1.15,23,0,2.7,0.77,C2,C3,C4,0,0,0,BeyondGrid AI Resumen de Gran Premio / FIA Official Data
2019,10,2019-07-14,silverstone,Silverstone Circuit,UK,British Grand Prix,Media Densidad / Equilibrado,5.891,18,3.06,25.6,40.1,60.3,0,Muy Caluroso,Lewis Hamilton,Mercedes,Valtteri Bottas,Mercedes,Lewis Hamilton,87.369,1.45,29,3,3.6,0.684,C1,C2,C3,1,0,0,BeyondGrid AI Resumen de Gran Premio / FIA Official Data
2019,11,2019-07-28,hockenheimring,Hockenheimring,Germany,German Grand Prix,Alta Densidad / Trabado,4.574,17,3.72,17.4,21.3,81.5,1,Lluvia / Pista Húmeda,Max Verstappen,Red Bull,Lewis Hamilton,Mercedes,Max Verstappen,76.645,3.9,78,7,7.2,-0.074,C2,C3,C4,4,1,0,BeyondGrid AI Resumen de Gran Premio / FIA Official Data
2019,12,2019-08-04,hungaroring,Hungaroring,Hungary,Hungarian Grand Prix,Media Densidad / Equilibrado,4.381,14,3.2,30.9,47.9,51.8,0,Muy Caluroso,Lewis Hamilton,Mercedes,Max Verstappen,Red Bull,Max Verstappen,77.103,1.2,24,1,2.5,0.803,C2,C3,C4,0,0,0,BeyondGrid AI Resumen de Gran Premio / FIA Official Data
2019,13,2019-09-01,spa,Circuit de Spa-Francorchamps,Belgium,Belgian Grand Prix,Baja Densidad / Rapido,7.004,19,2.71,24.7,39.4,60.9,0,Caluroso,Charles Leclerc,Ferrari,Charles Leclerc,Ferrari,Sebastian Vettel,106.409,1.2,24,4,4.4,0.427,C1,C2,C3,1,0,0,BeyondGrid AI Resumen de Gran Premio / FIA Official Data
2019,14,2019-09-08,monza,Autodromo Nazionale di Monza,Italy,Italian Grand Prix,Baja Densidad / Rapido,5.793,11,1.9,24.4,34.6,59.7,0,Caluroso,Charles Leclerc,Ferrari,Charles Leclerc,Ferrari,Lewis Hamilton,81.779,1.45,29,3,4.5,0.46,C2,C3,C4,0,1,0,BeyondGrid AI Resumen de Gran Premio / FIA Official Data
2019,15,2019-09-22,marina_bay,Marina Bay Street Circuit,Singapore,Singapore Grand Prix,Alta Densidad / Trabado,4.94,19,3.85,32.8,45.6,82.6,0,Muy Caluroso,Sebastian Vettel,Ferrari,Charles Leclerc,Ferrari,Kevin Magnussen,102.301,1.45,29,3,2.6,0.841,C3,C4,C5,3,0,0,BeyondGrid AI Resumen de Gran Premio / FIA Official Data
2019,16,2019-09-29,sochi,Sochi Autodrom,Russia,Russian Grand Prix,Media Densidad / Equilibrado,5.848,18,3.08,22.6,36.8,55.2,0,Caluroso,Lewis Hamilton,Mercedes,Charles Leclerc,Ferrari,Lewis Hamilton,95.761,1.25,25,5,4.7,0.37,C2,C3,C4,2,1,0,BeyondGrid AI Resumen de Gran Premio / FIA Official Data
2019,17,2019-10-13,suzuka,Suzuka Circuit,Japan,Japanese Grand Prix,Media Densidad / Equilibrado,5.807,18,3.1,24.1,33.9,49.9,0,Caluroso,Valtteri Bottas,Mercedes,Sebastian Vettel,Ferrari,Lewis Hamilton,90.983,1.55,31,3,3.5,0.699,C1,C2,C3,0,0,0,BeyondGrid AI Resumen de Gran Premio / FIA Official Data
2019,18,2019-10-27,rodriguez,Autodromo Hermanos Rodriguez,Mexico,Mexican Grand Prix,Alta Densidad / Trabado,4.304,17,3.95,26.1,36.1,49.5,0,Caluroso,Lewis Hamilton,Mercedes,Max Verstappen,Red Bull,Charles Leclerc,79.232,1.3,26,2,3.0,0.762,C2,C3,C4,0,1,0,BeyondGrid AI Resumen de Gran Premio / FIA Official Data
2019,19,2019-11-03,americas,Circuit of the Americas,USA,United States Grand Prix,Alta Densidad / Trabado,5.513,20,3.63,24.9,36.9,45.5,0,Caluroso,Valtteri Bottas,Mercedes,Valtteri Bottas,Mercedes,Charles Leclerc,96.169,1.65,33,4,3.1,0.576,C2,C3,C4,0,0,0,BeyondGrid AI Resumen de Gran Premio / FIA Official Data
2019,20,2019-11-17,interlagos,Autodromo Jose Carlos Pace,Brazil,Brazilian Grand Prix,Media Densidad / Equilibrado,4.309,15,3.48,22.1,34.4,53.8,0,Caluroso,Max Verstappen,Red Bull,Max Verstappen,Red Bull,Valtteri Bottas,70.698,2.25,45,4,6.0,0.129,C1,C2,C3,2,0,0,BeyondGrid AI Resumen de Gran Premio / FIA Official Data
2019,21,2019-12-01,yas_marina,Yas Marina Circuit,UAE,Abu Dhabi Grand Prix,Media Densidad / Equilibrado,5.281,16,3.03,27.8,41.3,56.7,0,Muy Caluroso,Lewis Hamilton,Mercedes,Lewis Hamilton,Mercedes,Lewis Hamilton,99.283,1.25,25,1,2.8,0.665,C3,C4,C5,0,0,0,BeyondGrid AI Resumen de Gran Premio / FIA Official Data
2020,1,2020-07-05,red_bull_ring,Red Bull Ring,Austria,Austrian Grand Prix,Baja Densidad / Rapido,4.318,10,2.32,30.4,43.6,50.8,0,Muy Caluroso,Valtteri Bottas,Mercedes,Valtteri Bottas,Mercedes,Lando Norris,67.475,1.9,38,9,4.7,0.355,C2,C3,C4,3,0,0,BeyondGrid AI Resumen de Gran Premio / FIA Official Data
2020,2,2020-07-12,red_bull_ring,Red Bull Ring,Austria,Styrian Grand Prix,Baja Densidad / Rapido,4.318,10,2.32,30.8,48.5,54.0,0,Muy Caluroso,Lewis Hamilton,Mercedes,Lewis Hamilton,Mercedes,Carlos Sainz,65.619,1.05,21,3,4.8,0.468,C2,C3,C4,1,0,0,BeyondGrid AI Resumen de Gran Premio / FIA Official Data
2020,3,2020-07-19,hungaroring,Hungaroring,Hungary,Hungarian Grand Prix,Media Densidad / Equilibrado,4.381,14,3.2,28.3,42.1,37.1,0,Muy Caluroso,Lewis Hamilton,Mercedes,Lewis Hamilton,Mercedes,Lewis Hamilton,76.627,2.25,45,1,3.9,0.664,C2,C3,C4,0,0,0,BeyondGrid AI Resumen de Gran Premio / FIA Official Data
2020,4,2020-08-02,silverstone,Silverstone Circuit,UK,British Grand Prix,Media Densidad / Equilibrado,5.891,18,3.06,23.2,37.5,46.8,0,Caluroso,Lewis Hamilton,Mercedes,Lewis Hamilton,Mercedes,Max Verstappen,87.097,1.1,22,3,3.1,0.747,C1,C2,C3,2,0,0,BeyondGrid AI Resumen de Gran Premio / FIA Official Data
2020,5,2020-08-09,silverstone,Silverstone Circuit,UK,70th Anniversary Grand Prix,Media Densidad / Equilibrado,5.891,18,3.06,21.3,31.0,58.7,0,Caluroso,Max Verstappen,Red Bull,Valtteri Bottas,Mercedes,Lewis Hamilton,88.451,2.05,41,1,3.1,0.782,C2,C3,C4,0,0,0,BeyondGrid AI Resumen de Gran Premio / FIA Official Data
2020,6,2020-08-16,catalunya,Circuit de Barcelona-Catalunya,Spain,Spanish Grand Prix,Media Densidad / Equilibrado,4.657,14,3.01,34.5,49.7,41.2,0,Muy Caluroso,Lewis Hamilton,Mercedes,Lewis Hamilton,Mercedes,Valtteri Bottas,78.183,1.75,35,1,1.9,0.863,C1,C2,C3,0,0,0,BeyondGrid AI Resumen de Gran Premio / FIA Official Data
2020,7,2020-08-30,spa,Circuit de Spa-Francorchamps,Belgium,Belgian Grand Prix,Baja Densidad / Rapido,7.004,19,2.71,26.5,39.3,54.7,0,Caluroso,Lewis Hamilton,Mercedes,Lewis Hamilton,Mercedes,Daniel Ricciardo,107.483,1.0,20,3,2.1,0.808,C2,C3,C4,1,0,0,BeyondGrid AI Resumen de Gran Premio / FIA Official Data
2020,8,2020-09-06,monza,Autodromo Nazionale di Monza,Italy,Italian Grand Prix,Baja Densidad / Rapido,5.793,11,1.9,26.1,38.9,58.3,0,Caluroso,Pierre Gasly,AlphaTauri,Lewis Hamilton,Mercedes,Lewis Hamilton,82.746,1.85,37,4,4.5,0.571,C2,C3,C4,2,0,1,BeyondGrid AI Resumen de Gran Premio / FIA Official Data
2020,9,2020-09-13,mugello,Autodromo Internazionale del Mugello,Italy,Tuscan Grand Prix,Baja Densidad / Rapido,5.245,14,2.67,25.6,37.8,48.0,0,Caluroso,Lewis Hamilton,Mercedes,Lewis Hamilton,Mercedes,Lewis Hamilton,78.833,3.3,66,8,4.3,0.534,C1,C2,C3,3,0,1,BeyondGrid AI Resumen de Gran Premio / FIA Official Data
2020,10,2020-09-27,sochi,Sochi Autodrom,Russia,Russian Grand Prix,Media Densidad / Equilibrado,5.848,18,3.08,22.9,36.8,64.6,0,Caluroso,Valtteri Bottas,Mercedes,Lewis Hamilton,Mercedes,Valtteri Bottas,97.03,1.2,24,2,3.6,0.639,C3,C4,C5,1,1,0,BeyondGrid AI Resumen de Gran Premio / FIA Official Data
2020,11,2020-10-11,nurburgring,Nurburgring,Germany,Eifel Grand Prix,Media Densidad / Equilibrado,5.148,15,2.91,25.1,33.3,50.3,0,Caluroso,Lewis Hamilton,Mercedes,Valtteri Bottas,Mercedes,Max Verstappen,88.139,1.65,33,5,5.7,0.211,C2,C3,C4,1,0,0,BeyondGrid AI Resumen de Gran Premio / FIA Official Data
2020,12,2020-10-25,portimao,Autodromo Internacional do Algarve,Portugal,Portuguese Grand Prix,Media Densidad / Equilibrado,4.653,15,3.22,25.7,34.1,49.6,0,Caluroso,Lewis Hamilton,Mercedes,Lewis Hamilton,Mercedes,Lewis Hamilton,78.75,1.25,25,1,2.7,0.805,C1,C2,C3,0,0,0,BeyondGrid AI Resumen de Gran Premio / FIA Official Data
2020,13,2020-11-01,imola,Autodromo Enzo e Dino Ferrari,Italy,Emilia Romagna Grand Prix,Alta Densidad / Trabado,4.909,19,3.87,22.4,36.5,50.1,0,Caluroso,Lewis Hamilton,Mercedes,Valtteri Bottas,Mercedes,Lewis Hamilton,75.484,1.5,30,5,5.1,0.316,C2,C3,C4,1,0,0,BeyondGrid AI Resumen de Gran Premio / FIA Official Data
2020,14,2020-11-15,istanbul,Istanbul Park,Turkey,Turkish Grand Prix,Baja Densidad / Rapido,5.338,14,2.62,21.3,23.9,80.2,1,Lluvia / Pista Húmeda,Lewis Hamilton,Mercedes,Lance Stroll,Racing Point,Lando Norris,96.806,1.9,38,4,5.2,0.502,C1,C2,C3,0,1,0,BeyondGrid AI Resumen de Gran Premio / FIA Official Data
2020,15,2020-11-29,bahrain,Bahrain International Circuit,Bahrain,Bahrain Grand Prix,Baja Densidad / Rapido,5.412,15,2.77,26.6,38.6,41.2,0,Caluroso,Lewis Hamilton,Mercedes,Lewis Hamilton,Mercedes,Max Verstappen,92.014,2.85,57,3,3.2,0.675,C2,C3,C4,2,0,1,BeyondGrid AI Resumen de Gran Premio / FIA Official Data
2020,16,2020-12-06,bahrain,Bahrain International Circuit,Bahrain,Sakhir Grand Prix,Baja Densidad / Rapido,5.412,15,2.77,28.0,38.0,53.1,0,Caluroso,Sergio Perez,Racing Point,Valtteri Bottas,Mercedes,George Russell,55.404,1.95,39,3,5.1,0.301,C2,C3,C4,2,1,0,BeyondGrid AI Resumen de Gran Premio / FIA Official Data
2020,17,2020-12-13,yas_marina,Yas Marina Circuit,UAE,Abu Dhabi Grand Prix,Media Densidad / Equilibrado,5.281,16,3.03,26.7,36.4,65.0,0,Caluroso,Max Verstappen,Red Bull,Max Verstappen,Red Bull,Daniel Ricciardo,100.926,1.15,23,1,1.4,0.95,C3,C4,C5,1,0,0,BeyondGrid AI Resumen de Gran Premio / FIA Official Data
2021,1,2021-03-28,bahrain,Bahrain International Circuit,Bahrain,Bahrain Grand Prix,Baja Densidad / Rapido,5.412,15,2.77,27.7,39.7,44.6,0,Caluroso,Lewis Hamilton,Mercedes,Max Verstappen,Red Bull,Valtteri Bottas,92.09,2.0,40,4,3.25,0.615,C2,C3,C4,1,0,0,BeyondGrid AI Resumen de Gran Premio / FIA Official Data
2021,2,2021-04-18,imola,Autodromo Enzo e Dino Ferrari,Italy,Emilia Romagna Grand Prix,Alta Densidad / Trabado,4.909,19,3.87,21.8,23.2,91.2,1,Lluvia / Pista Húmeda,Max Verstappen,Red Bull,Lewis Hamilton,Mercedes,Lewis Hamilton,76.702,2.8,56,4,3.85,0.669,C2,C3,C4,1,0,1,BeyondGrid AI Resumen de Gran Premio / FIA Official Data
2021,3,2021-05-02,portimao,Autodromo Internacional do Algarve,Portugal,Portuguese Grand Prix,Media Densidad / Equilibrado,4.653,15,3.22,26.2,35.7,59.4,0,Caluroso,Lewis Hamilton,Mercedes,Valtteri Bottas,Mercedes,Max Verstappen,79.849,3.0,60,1,2.4,0.85,C1,C2,C3,1,0,0,BeyondGrid AI Resumen de Gran Premio / FIA Official Data
2021,4,2021-05-09,catalunya,Circuit de Barcelona-Catalunya,Spain,Spanish Grand Prix,Media Densidad / Equilibrado,4.657,14,3.01,32.3,49.3,44.8,0,Muy Caluroso,Lewis Hamilton,Mercedes,Lewis Hamilton,Mercedes,Max Verstappen,78.149,1.85,37,1,1.7,0.899,C1,C2,C3,1,0,0,BeyondGrid AI Resumen de Gran Premio / FIA Official Data
2021,5,2021-05-23,monaco,Circuit de Monaco,Monaco,Monaco Grand Prix,Alta Densidad / Trabado,3.337,19,5.69,20.4,33.9,53.8,0,Caluroso,Max Verstappen,Red Bull,Charles Leclerc,Ferrari,Lewis Hamilton,72.909,0.95,19,2,3.5,0.45,C3,C4,C5,0,0,0,BeyondGrid AI Resumen de Gran Premio / FIA Official Data
2021,6,2021-06-06,baku,Baku City Circuit,Azerbaijan,Azerbaijan Grand Prix,Media Densidad / Equilibrado,6.003,20,3.33,26.8,35.1,50.3,0,Caluroso,Sergio Perez,Red Bull,Charles Leclerc,Ferrari,Max Verstappen,104.481,2.95,59,4,4.6,0.432,C3,C4,C5,2,0,1,BeyondGrid AI Resumen de Gran Premio / FIA Official Data
2021,7,2021-06-20,ricard,Circuit Paul Ricard,France,French Grand Prix,Baja Densidad / Rapido,5.842,15,2.57,30.1,46.1,46.5,0,Muy Caluroso,Max Verstappen,Red Bull,Max Verstappen,Red Bull,Max Verstappen,96.404,1.1,22,0,3.0,0.755,C2,C3,C4,0,0,0,BeyondGrid AI Resumen de Gran Premio / FIA Official Data
2021,8,2021-06-27,red_bull_ring,Red Bull Ring,Austria,Styrian Grand Prix,Baja Densidad / Rapido,4.318,10,2.32,33.2,48.6,47.8,0,Muy Caluroso,Max Verstappen,Red Bull,Max Verstappen,Red Bull,Lewis Hamilton,67.058,1.2,24,2,2.7,0.699,C2,C3,C4,0,0,0,BeyondGrid AI Resumen de Gran Premio / FIA Official Data
2021,9,2021-07-04,red_bull_ring,Red Bull Ring,Austria,Austrian Grand Prix,Baja Densidad / Rapido,4.318,10,2.32,34.0,46.7,50.2,0,Muy Caluroso,Max Verstappen,Red Bull,Max Verstappen,Red Bull,Max Verstappen,66.2,1.35,27,2,2.8,0.832,C3,C4,C5,1,0,0,BeyondGrid AI Resumen de Gran Premio / FIA Official Data
2021,10,2021-07-18,silverstone,Silverstone Circuit,UK,British Grand Prix,Media Densidad / Equilibrado,5.891,18,3.06,22.5,34.3,58.6,0,Caluroso,Lewis Hamilton,Mercedes,Lewis Hamilton,Mercedes,Sergio Perez,88.617,2.05,41,2,3.2,0.538,C1,C2,C3,0,0,1,BeyondGrid AI Resumen de Gran Premio / FIA Official Data
2021,11,2021-08-01,hungaroring,Hungaroring,Hungary,Hungarian Grand Prix,Media Densidad / Equilibrado,4.381,14,3.2,31.7,45.5,45.6,0,Muy Caluroso,Esteban Ocon,Alpine F1 Team,Lewis Hamilton,Mercedes,Pierre Gasly,78.394,2.6,52,7,7.4,-0.009,C2,C3,C4,1,0,1,BeyondGrid AI Resumen de Gran Premio / FIA Official Data
2021,12,2021-08-29,spa,Circuit de Spa-Francorchamps,Belgium,Belgian Grand Prix,Baja Densidad / Rapido,7.004,19,2.71,20.8,23.0,81.5,1,Lluvia / Pista Húmeda,Max Verstappen,Red Bull,Max Verstappen,Red Bull,,0.0,0.0,0,0,0.75,0.995,C2,C3,C4,1,0,1,BeyondGrid AI Resumen de Gran Premio / FIA Official Data
2021,13,2021-09-05,zandvoort,Circuit Park Zandvoort,Netherlands,Dutch Grand Prix,Media Densidad / Equilibrado,4.259,14,3.29,22.9,32.8,61.4,0,Caluroso,Max Verstappen,Red Bull,Max Verstappen,Red Bull,Lewis Hamilton,71.097,1.45,29,3,2.45,0.777,C1,C2,C3,0,0,0,BeyondGrid AI Resumen de Gran Premio / FIA Official Data
2021,14,2021-09-12,monza,Autodromo Nazionale di Monza,Italy,Italian Grand Prix,Baja Densidad / Rapido,5.793,11,1.9,26.5,38.2,58.0,0,Caluroso,Daniel Ricciardo,McLaren,Valtteri Bottas,Mercedes,Daniel Ricciardo,84.812,1.1,22,5,3.95,0.413,C2,C3,C4,1,0,0,BeyondGrid AI Resumen de Gran Premio / FIA Official Data
2021,15,2021-09-26,sochi,Sochi Autodrom,Russia,Russian Grand Prix,Media Densidad / Equilibrado,5.848,18,3.08,18.7,22.3,94.4,1,Lluvia / Pista Húmeda,Lewis Hamilton,Mercedes,Lando Norris,McLaren,Lando Norris,97.423,1.95,39,2,4.3,0.471,C3,C4,C5,0,0,0,BeyondGrid AI Resumen de Gran Premio / FIA Official Data
2021,16,2021-10-10,istanbul,Istanbul Park,Turkey,Turkish Grand Prix,Baja Densidad / Rapido,5.338,14,2.62,22.1,31.1,47.9,0,Caluroso,Valtteri Bottas,Mercedes,Lewis Hamilton,Mercedes,Valtteri Bottas,90.432,1.0,20,0,3.9,0.608,C2,C3,C4,0,0,0,BeyondGrid AI Resumen de Gran Premio / FIA Official Data
2021,17,2021-10-24,americas,Circuit of the Americas,USA,United States Grand Prix,Alta Densidad / Trabado,5.513,20,3.63,21.7,35.7,59.1,0,Caluroso,Max Verstappen,Red Bull,Max Verstappen,Red Bull,Lewis Hamilton,98.485,2.05,41,3,2.4,0.75,C2,C3,C4,0,1,0,BeyondGrid AI Resumen de Gran Premio / FIA Official Data
2021,18,2021-11-07,rodriguez,Autodromo Hermanos Rodriguez,Mexico,Mexico City Grand Prix,Alta Densidad / Trabado,4.304,17,3.95,24.4,33.4,52.0,0,Caluroso,Max Verstappen,Red Bull,Valtteri Bottas,Mercedes,Valtteri Bottas,77.774,1.25,25,2,3.4,0.663,C2,C3,C4,1,0,0,BeyondGrid AI Resumen de Gran Premio / FIA Official Data
2021,19,2021-11-14,interlagos,Autodromo Jose Carlos Pace,Brazil,Sao Paulo Grand Prix,Media Densidad / Equilibrado,4.309,15,3.48,22.1,35.7,49.4,0,Caluroso,Lewis Hamilton,Mercedes,Lewis Hamilton,Mercedes,Sergio Perez,71.01,3.95,79,2,2.7,0.761,C2,C3,C4,0,0,0,BeyondGrid AI Resumen de Gran Premio / FIA Official Data
2021,20,2021-11-21,losail,Losail International Circuit,Qatar,Qatar Grand Prix,Media Densidad / Equilibrado,5.419,16,2.95,26.8,38.5,60.0,0,Caluroso,Lewis Hamilton,Mercedes,Lewis Hamilton,Mercedes,Max Verstappen,83.196,1.5,30,2,3.9,0.609,C1,C2,C3,0,1,0,BeyondGrid AI Resumen de Gran Premio / FIA Official Data
2021,21,2021-12-05,jeddah,Jeddah Corniche Circuit,Saudi Arabia,Saudi Arabian Grand Prix,Alta Densidad / Trabado,6.174,27,4.37,27.5,36.1,55.4,0,Caluroso,Lewis Hamilton,Mercedes,Lewis Hamilton,Mercedes,Lewis Hamilton,90.734,2.35,47,5,3.4,0.687,C2,C3,C4,1,3,1,BeyondGrid AI Resumen de Gran Premio / FIA Official Data
2021,22,2021-12-12,yas_marina,Yas Marina Circuit,UAE,Abu Dhabi Grand Prix,Media Densidad / Equilibrado,5.281,16,3.03,31.7,43.1,45.6,0,Muy Caluroso,Max Verstappen,Red Bull,Max Verstappen,Red Bull,Max Verstappen,86.103,1.45,29,6,2.5,0.789,C3,C4,C5,1,1,0,BeyondGrid AI Resumen de Gran Premio / FIA Official Data
2022,1,2022-03-20,bahrain,Bahrain International Circuit,Bahrain,Bahrain Grand Prix,Baja Densidad / Rapido,5.412,15,2.77,28.2,37.8,52.0,0,Caluroso,Charles Leclerc,Ferrari,Charles Leclerc,Ferrari,Charles Leclerc,94.57,2.9,58,3,4.4,0.389,C1,C2,C3,1,0,0,BeyondGrid AI Resumen de Gran Premio / FIA Official Data
2022,2,2022-03-27,jeddah,Jeddah Corniche Circuit,Saudi Arabia,Saudi Arabian Grand Prix,Alta Densidad / Trabado,6.174,27,4.37,27.9,38.1,62.2,0,Caluroso,Max Verstappen,Red Bull,Sergio Perez,Red Bull,Charles Leclerc,91.634,0.95,19,7,2.3,0.826,C2,C3,C4,1,1,0,BeyondGrid AI Resumen de Gran Premio / FIA Official Data
2022,3,2022-04-10,albert_park,Albert Park Grand Prix Circuit,Australia,Australian Grand Prix,Baja Densidad / Rapido,5.278,14,2.65,26.1,35.7,55.8,0,Caluroso,Charles Leclerc,Ferrari,Charles Leclerc,Ferrari,Charles Leclerc,80.26,1.1,22,3,3.9,0.52,C2,C3,C5,2,2,0,BeyondGrid AI Resumen de Gran Premio / FIA Official Data
2022,4,2022-04-24,imola,Autodromo Enzo e Dino Ferrari,Italy,Emilia Romagna Grand Prix,Alta Densidad / Trabado,4.909,19,3.87,18.7,21.1,90.9,1,Lluvia / Pista Húmeda,Max Verstappen,Red Bull,Max Verstappen,Red Bull,Max Verstappen,78.446,1.25,25,2,5.0,0.389,C2,C3,C4,1,0,0,BeyondGrid AI Resumen de Gran Premio / FIA Official Data
2022,5,2022-05-08,miami,Miami International Autodrome,USA,Miami Grand Prix,Alta Densidad / Trabado,5.412,19,3.51,30.7,45.4,84.2,0,Muy Caluroso,Max Verstappen,Red Bull,Charles Leclerc,Ferrari,Max Verstappen,91.361,1.25,25,5,4.05,0.557,C2,C3,C4,1,1,0,BeyondGrid AI Resumen de Gran Premio / FIA Official Data
2022,6,2022-05-22,catalunya,Circuit de Barcelona-Catalunya,Spain,Spanish Grand Prix,Media Densidad / Equilibrado,4.657,14,3.01,32.6,47.4,35.3,0,Muy Caluroso,Max Verstappen,Red Bull,Charles Leclerc,Ferrari,Sergio Perez,84.108,2.65,53,2,4.0,0.474,C1,C2,C3,0,0,0,BeyondGrid AI Resumen de Gran Premio / FIA Official Data
2022,7,2022-05-29,monaco,Circuit de Monaco,Monaco,Monaco Grand Prix,Alta Densidad / Trabado,3.337,19,5.69,19.1,20.8,86.0,1,Lluvia / Pista Húmeda,Sergio Perez,Red Bull,Charles Leclerc,Ferrari,Lando Norris,74.693,2.65,53,3,2.6,0.835,C3,C4,C5,2,1,1,BeyondGrid AI Resumen de Gran Premio / FIA Official Data
2022,8,2022-06-12,baku,Baku City Circuit,Azerbaijan,Azerbaijan Grand Prix,Media Densidad / Equilibrado,6.003,20,3.33,25.4,33.8,53.2,0,Caluroso,Max Verstappen,Red Bull,Charles Leclerc,Ferrari,Sergio Perez,106.046,1.35,27,5,4.4,0.412,C3,C4,C5,0,2,0,BeyondGrid AI Resumen de Gran Premio / FIA Official Data
2022,9,2022-06-19,villeneuve,Circuit Gilles Villeneuve,Canada,Canadian Grand Prix,Media Densidad / Equilibrado,4.361,14,3.21,23.6,37.1,57.1,0,Caluroso,Max Verstappen,Red Bull,Max Verstappen,Red Bull,Carlos Sainz,75.749,1.6,32,3,4.3,0.454,C3,C4,C5,1,2,0,BeyondGrid AI Resumen de Gran Premio / FIA Official Data
2022,10,2022-07-03,silverstone,Silverstone Circuit,UK,British Grand Prix,Media Densidad / Equilibrado,5.891,18,3.06,26.5,39.3,59.9,0,Caluroso,Carlos Sainz,Ferrari,Carlos Sainz,Ferrari,Lewis Hamilton,90.51,2.35,47,6,4.3,0.517,C1,C2,C3,1,0,1,BeyondGrid AI Resumen de Gran Premio / FIA Official Data
2022,11,2022-07-10,red_bull_ring,Red Bull Ring,Austria,Austrian Grand Prix,Baja Densidad / Rapido,4.318,10,2.32,28.7,42.5,54.1,0,Muy Caluroso,Charles Leclerc,Ferrari,Max Verstappen,Red Bull,Max Verstappen,67.275,2.1,42,3,3.7,0.489,C3,C4,C5,0,1,0,BeyondGrid AI Resumen de Gran Premio / FIA Official Data
2022,12,2022-07-24,ricard,Circuit Paul Ricard,France,French Grand Prix,Baja Densidad / Rapido,5.842,15,2.57,33.1,47.9,52.0,0,Muy Caluroso,Max Verstappen,Red Bull,Charles Leclerc,Ferrari,Carlos Sainz,95.781,1.25,25,4,3.6,0.447,C2,C3,C4,1,1,0,BeyondGrid AI Resumen de Gran Premio / FIA Official Data
2022,13,2022-07-31,hungaroring,Hungaroring,Hungary,Hungarian Grand Prix,Media Densidad / Equilibrado,4.381,14,3.2,33.0,50.4,35.6,0,Muy Caluroso,Max Verstappen,Red Bull,George Russell,Mercedes,Lewis Hamilton,81.386,2.1,42,1,4.1,0.605,C2,C3,C4,0,2,0,BeyondGrid AI Resumen de Gran Premio / FIA Official Data
2022,14,2022-08-28,spa,Circuit de Spa-Francorchamps,Belgium,Belgian Grand Prix,Baja Densidad / Rapido,7.004,19,2.71,24.8,36.7,51.6,0,Caluroso,Max Verstappen,Red Bull,Max Verstappen,Red Bull,Max Verstappen,109.354,1.9,38,2,5.7,0.295,C2,C3,C4,1,0,0,BeyondGrid AI Resumen de Gran Premio / FIA Official Data
2022,15,2022-09-04,zandvoort,Circuit Park Zandvoort,Netherlands,Dutch Grand Prix,Media Densidad / Equilibrado,4.259,14,3.29,20.7,30.0,45.4,0,Caluroso,Max Verstappen,Red Bull,Max Verstappen,Red Bull,Max Verstappen,73.652,3.6,72,2,2.7,0.77,C1,C2,C3,1,1,0,BeyondGrid AI Resumen de Gran Premio / FIA Official Data
2022,16,2022-09-11,monza,Autodromo Nazionale di Monza,Italy,Italian Grand Prix,Baja Densidad / Rapido,5.793,11,1.9,25.3,34.6,47.9,0,Caluroso,Max Verstappen,Red Bull,Charles Leclerc,Ferrari,Sergio Perez,84.03,1.4,28,4,5.7,0.203,C2,C3,C4,1,1,0,BeyondGrid AI Resumen de Gran Premio / FIA Official Data
2022,17,2022-10-02,marina_bay,Marina Bay Street Circuit,Singapore,Singapore Grand Prix,Alta Densidad / Trabado,4.94,19,3.85,30.2,39.8,82.7,1,Lluvia / Pista Húmeda,Sergio Perez,Red Bull,Charles Leclerc,Ferrari,George Russell,106.458,1.05,21,6,3.8,0.611,C3,C4,C5,2,2,0,BeyondGrid AI Resumen de Gran Premio / FIA Official Data
2022,18,2022-10-09,suzuka,Suzuka Circuit,Japan,Japanese Grand Prix,Media Densidad / Equilibrado,5.807,18,3.1,18.5,22.3,82.8,1,Lluvia / Pista Húmeda,Max Verstappen,Red Bull,Max Verstappen,Red Bull,Guanyu Zhou,104.411,2.1,42,2,2.9,0.63,C1,C2,C3,1,0,1,BeyondGrid AI Resumen de Gran Premio / FIA Official Data
2022,19,2022-10-23,americas,Circuit of the Americas,USA,United States Grand Prix,Alta Densidad / Trabado,5.513,20,3.63,26.6,34.6,59.3,0,Caluroso,Max Verstappen,Red Bull,Carlos Sainz,Ferrari,George Russell,98.788,1.8,36,3,5.4,0.183,C2,C3,C4,2,0,0,BeyondGrid AI Resumen de Gran Premio / FIA Official Data
2022,20,2022-10-30,rodriguez,Autodromo Hermanos Rodriguez,Mexico,Mexico City Grand Prix,Alta Densidad / Trabado,4.304,17,3.95,26.1,40.4,51.2,0,Muy Caluroso,Max Verstappen,Red Bull,Max Verstappen,Red Bull,George Russell,80.153,1.15,23,2,2.6,0.803,C2,C3,C4,0,1,0,BeyondGrid AI Resumen de Gran Premio / FIA Official Data
2022,21,2022-11-13,interlagos,Autodromo Jose Carlos Pace,Brazil,Sao Paulo Grand Prix,Media Densidad / Equilibrado,4.309,15,3.48,24.3,38.5,54.0,0,Caluroso,George Russell,Mercedes,Kevin Magnussen,Haas F1 Team,George Russell,73.785,2.2,44,3,4.5,0.481,C2,C3,C4,0,0,0,BeyondGrid AI Resumen de Gran Premio / FIA Official Data
2022,22,2022-11-20,yas_marina,Yas Marina Circuit,UAE,Abu Dhabi Grand Prix,Media Densidad / Equilibrado,5.281,16,3.03,28.6,39.9,40.9,0,Caluroso,Max Verstappen,Red Bull,Max Verstappen,Red Bull,Lando Norris,88.391,1.55,31,3,3.0,0.693,C3,C4,C5,0,0,0,BeyondGrid AI Resumen de Gran Premio / FIA Official Data
2023,1,2023-03-05,bahrain,Bahrain International Circuit,Bahrain,Bahrain Grand Prix,Baja Densidad / Rapido,5.412,15,2.77,30.1,40.8,61.7,0,Muy Caluroso,Max Verstappen,Red Bull,Max Verstappen,Red Bull,Guanyu Zhou,93.996,2.5,50,3,4.2,0.51,C1,C2,C3,0,1,0,BeyondGrid AI Resumen de Gran Premio / FIA Official Data
2023,2,2023-03-19,jeddah,Jeddah Corniche Circuit,Saudi Arabia,Saudi Arabian Grand Prix,Alta Densidad / Trabado,6.174,27,4.37,29.6,41.1,62.0,0,Muy Caluroso,Sergio Perez,Red Bull,Sergio Perez,Red Bull,Max Verstappen,91.906,1.2,24,2,3.8,0.564,C2,C3,C4,1,0,0,BeyondGrid AI Resumen de Gran Premio / FIA Official Data
2023,3,2023-04-02,albert_park,Albert Park Grand Prix Circuit,Australia,Australian Grand Prix,Baja Densidad / Rapido,5.278,14,2.65,21.1,34.5,55.2,0,Caluroso,Max Verstappen,Red Bull,Max Verstappen,Red Bull,Sergio Perez,80.235,3.25,65,8,5.75,0.158,C2,C3,C4,3,1,1,BeyondGrid AI Resumen de Gran Premio / FIA Official Data
2023,4,2023-04-30,baku,Baku City Circuit,Azerbaijan,Azerbaijan Grand Prix,Media Densidad / Equilibrado,6.003,20,3.33,20.5,31.5,45.6,0,Caluroso,Sergio Perez,Red Bull,Charles Leclerc,Ferrari,George Russell,103.37,1.15,23,2,2.25,0.898,C3,C4,C5,1,0,0,BeyondGrid AI Resumen de Gran Premio / FIA Official Data
2023,5,2023-05-07,miami,Miami International Autodrome,USA,Miami Grand Prix,Alta Densidad / Trabado,5.412,19,3.51,29.2,39.1,68.2,0,Caluroso,Max Verstappen,Red Bull,Sergio Perez,Red Bull,Max Verstappen,89.708,1.0,20,0,2.9,0.788,C2,C3,C4,0,0,0,BeyondGrid AI Resumen de Gran Premio / FIA Official Data
2023,6,2023-05-28,monaco,Circuit de Monaco,Monaco,Monaco Grand Prix,Alta Densidad / Trabado,3.337,19,5.69,16.7,19.8,81.7,1,Lluvia / Pista Húmeda,Max Verstappen,Red Bull,Max Verstappen,Red Bull,Lewis Hamilton,75.65,1.85,37,2,2.1,0.866,C3,C4,C5,0,0,0,BeyondGrid AI Resumen de Gran Premio / FIA Official Data
2023,7,2023-06-04,catalunya,Circuit de Barcelona-Catalunya,Spain,Spanish Grand Prix,Media Densidad / Equilibrado,4.657,14,3.01,30.6,43.5,37.0,0,Muy Caluroso,Max Verstappen,Red Bull,Max Verstappen,Red Bull,Max Verstappen,76.33,2.15,43,0,3.6,0.603,C1,C2,C3,0,0,0,BeyondGrid AI Resumen de Gran Premio / FIA Official Data
2023,8,2023-06-18,villeneuve,Circuit Gilles Villeneuve,Canada,Canadian Grand Prix,Media Densidad / Equilibrado,4.361,14,3.21,20.9,31.6,46.2,0,Caluroso,Max Verstappen,Red Bull,Max Verstappen,Red Bull,Sergio Perez,74.481,1.65,33,2,4.3,0.532,C3,C4,C5,1,1,0,BeyondGrid AI Resumen de Gran Premio / FIA Official Data
2023,9,2023-07-02,red_bull_ring,Red Bull Ring,Austria,Austrian Grand Prix,Baja Densidad / Rapido,4.318,10,2.32,32.8,47.5,43.3,0,Muy Caluroso,Max Verstappen,Red Bull,Max Verstappen,Red Bull,Max Verstappen,67.012,3.15,63,1,3.25,0.686,C3,C4,C5,1,1,0,BeyondGrid AI Resumen de Gran Premio / FIA Official Data
2023,10,2023-07-09,silverstone,Silverstone Circuit,UK,British Grand Prix,Media Densidad / Equilibrado,5.891,18,3.06,24.1,36.3,61.2,0,Caluroso,Max Verstappen,Red Bull,Max Verstappen,Red Bull,Max Verstappen,90.275,1.2,24,3,3.0,0.735,C1,C2,C3,1,1,0,BeyondGrid AI Resumen de Gran Premio / FIA Official Data
2023,11,2023-07-23,hungaroring,Hungaroring,Hungary,Hungarian Grand Prix,Media Densidad / Equilibrado,4.381,14,3.2,29.8,47.6,35.4,0,Muy Caluroso,Max Verstappen,Red Bull,Lewis Hamilton,Mercedes,Max Verstappen,80.504,1.8,36,3,3.8,0.63,C3,C4,C5,0,0,0,BeyondGrid AI Resumen de Gran Premio / FIA Official Data
2023,12,2023-07-30,spa,Circuit de Spa-Francorchamps,Belgium,Belgian Grand Prix,Baja Densidad / Rapido,7.004,19,2.71,24.4,34.8,60.7,0,Caluroso,Max Verstappen,Red Bull,Max Verstappen,Red Bull,Lewis Hamilton,107.305,1.85,37,2,3.3,0.57,C2,C3,C4,0,0,0,BeyondGrid AI Resumen de Gran Premio / FIA Official Data
2023,13,2023-08-27,zandvoort,Circuit Park Zandvoort,Netherlands,Dutch Grand Prix,Media Densidad / Equilibrado,4.259,14,3.29,16.4,19.1,94.1,1,Lluvia / Pista Húmeda,Max Verstappen,Red Bull,Max Verstappen,Red Bull,Fernando Alonso,73.837,5.05,101,3,4.7,0.468,C1,C2,C3,2,1,1,BeyondGrid AI Resumen de Gran Premio / FIA Official Data
2023,14,2023-09-03,monza,Autodromo Nazionale di Monza,Italy,Italian Grand Prix,Baja Densidad / Rapido,5.793,11,1.9,24.3,35.7,62.7,0,Caluroso,Max Verstappen,Red Bull,Carlos Sainz,Ferrari,Oscar Piastri,85.072,1.25,25,2,2.4,0.856,C3,C4,C5,0,0,0,BeyondGrid AI Resumen de Gran Premio / FIA Official Data
2023,15,2023-09-17,marina_bay,Marina Bay Street Circuit,Singapore,Singapore Grand Prix,Alta Densidad / Trabado,4.94,19,3.85,32.4,40.5,83.2,0,Muy Caluroso,Carlos Sainz,Ferrari,Carlos Sainz,Ferrari,Lewis Hamilton,95.867,1.25,25,5,4.65,0.477,C3,C4,C5,1,1,0,BeyondGrid AI Resumen de Gran Premio / FIA Official Data
2023,16,2023-09-24,suzuka,Suzuka Circuit,Japan,Japanese Grand Prix,Media Densidad / Equilibrado,5.807,18,3.1,27.0,40.2,48.6,0,Muy Caluroso,Max Verstappen,Red Bull,Max Verstappen,Red Bull,Max Verstappen,94.183,2.15,43,5,2.6,0.75,C1,C2,C3,1,1,0,BeyondGrid AI Resumen de Gran Premio / FIA Official Data
2023,17,2023-10-08,losail,Losail International Circuit,Qatar,Qatar Grand Prix,Media Densidad / Equilibrado,5.419,16,2.95,31.2,38.2,63.1,0,Caluroso,Max Verstappen,Red Bull,Max Verstappen,Red Bull,Max Verstappen,84.319,2.7,54,3,4.2,0.481,C1,C2,C3,1,0,0,BeyondGrid AI Resumen de Gran Premio / FIA Official Data
2023,18,2023-10-22,americas,Circuit of the Americas,USA,United States Grand Prix,Alta Densidad / Trabado,5.513,20,3.63,24.2,37.3,53.4,0,Caluroso,Max Verstappen,Red Bull,Charles Leclerc,Ferrari,Yuki Tsunoda,98.139,1.8,36,5,5.7,0.159,C2,C3,C4,0,0,0,BeyondGrid AI Resumen de Gran Premio / FIA Official Data
2023,19,2023-10-29,rodriguez,Autodromo Hermanos Rodriguez,Mexico,Mexico City Grand Prix,Alta Densidad / Trabado,4.304,17,3.95,22.5,31.6,60.4,0,Caluroso,Max Verstappen,Red Bull,Charles Leclerc,Ferrari,Lewis Hamilton,81.334,1.9,38,5,4.2,0.547,C3,C4,C5,1,1,1,BeyondGrid AI Resumen de Gran Premio / FIA Official Data
2023,20,2023-11-05,interlagos,Autodromo Jose Carlos Pace,Brazil,Sao Paulo Grand Prix,Media Densidad / Equilibrado,4.309,15,3.48,22.9,34.8,61.6,0,Caluroso,Max Verstappen,Red Bull,Max Verstappen,Red Bull,Lando Norris,72.486,3.35,67,6,3.8,0.7,C2,C3,C4,0,0,0,BeyondGrid AI Resumen de Gran Premio / FIA Official Data
2023,21,2023-11-19,vegas,Las Vegas Strip Street Circuit,United States,Las Vegas Grand Prix,Baja Densidad / Rapido,6.201,17,2.74,17.3,19.3,33.3,0,Templado / Fresco,Max Verstappen,Red Bull,Charles Leclerc,Ferrari,Oscar Piastri,95.49,1.55,31,3,5.6,0.299,C3,C4,C5,2,1,0,BeyondGrid AI Resumen de Gran Premio / FIA Official Data
2023,22,2023-11-26,yas_marina,Yas Marina Circuit,UAE,Abu Dhabi Grand Prix,Media Densidad / Equilibrado,5.281,16,3.03,30.6,41.7,54.9,0,Muy Caluroso,Max Verstappen,Red Bull,Max Verstappen,Red Bull,Max Verstappen,86.993,1.85,37,1,2.1,0.88,C3,C4,C5,0,0,0,BeyondGrid AI Resumen de Gran Premio / FIA Official Data
2024,1,2024-03-02,bahrain,Bahrain International Circuit,Bahrain,Bahrain Grand Prix,Baja Densidad / Rapido,5.412,15,2.77,28.1,41.8,53.1,0,Muy Caluroso,Max Verstappen,Red Bull,Max Verstappen,Red Bull,Max Verstappen,92.608,2.15,43,0,2.3,0.886,C1,C2,C3,0,0,0,BeyondGrid AI Resumen de Gran Premio / FIA Official Data
2024,2,2024-03-09,jeddah,Jeddah Corniche Circuit,Saudi Arabia,Saudi Arabian Grand Prix,Alta Densidad / Trabado,6.174,27,4.37,29.7,40.2,43.7,0,Muy Caluroso,Max Verstappen,Red Bull,Max Verstappen,Red Bull,Charles Leclerc,91.632,0.95,19,2,2.5,0.832,C2,C3,C4,1,0,0,BeyondGrid AI Resumen de Gran Premio / FIA Official Data
2024,3,2024-03-24,albert_park,Albert Park Grand Prix Circuit,Australia,Australian Grand Prix,Baja Densidad / Rapido,5.278,14,2.65,24.0,35.7,59.7,0,Caluroso,Carlos Sainz,Ferrari,Max Verstappen,Red Bull,Charles Leclerc,79.813,1.89,36,3,3.89,0.447,C3,C4,C5,0,2,0,BeyondGrid AI Resumen de Gran Premio / FIA Official Data
2024,4,2024-04-07,suzuka,Suzuka Circuit,Japan,Japanese Grand Prix,Media Densidad / Equilibrado,5.807,18,3.1,23.8,33.8,48.1,0,Caluroso,Max Verstappen,Red Bull,Max Verstappen,Red Bull,Max Verstappen,93.706,2.7,54,3,2.2,0.86,C1,C2,C3,0,0,1,BeyondGrid AI Resumen de Gran Premio / FIA Official Data
2024,5,2024-04-21,shanghai,Shanghai International Circuit,China,Chinese Grand Prix,Media Densidad / Equilibrado,5.451,16,2.94,20.8,29.5,57.9,0,Templado / Fresco,Max Verstappen,Red Bull,Max Verstappen,Red Bull,Fernando Alonso,97.81,2.0,40,3,2.9,0.773,C2,C3,C4,2,1,0,BeyondGrid AI Resumen de Gran Premio / FIA Official Data
2024,6,2024-05-05,miami,Miami International Autodrome,USA,Miami Grand Prix,Alta Densidad / Trabado,5.412,19,3.51,29.6,38.5,82.3,0,Caluroso,Lando Norris,McLaren,Max Verstappen,Red Bull,Oscar Piastri,90.634,1.4,28,1,2.8,0.815,C2,C3,C4,1,1,0,BeyondGrid AI Resumen de Gran Premio / FIA Official Data
2024,7,2024-05-19,imola,Autodromo Enzo e Dino Ferrari,Italy,Emilia Romagna Grand Prix,Alta Densidad / Trabado,4.909,19,3.87,26.2,38.1,54.0,0,Caluroso,Max Verstappen,Red Bull,Max Verstappen,Red Bull,George Russell,78.589,1.35,27,1,2.1,0.889,C3,C4,C5,0,0,0,BeyondGrid AI Resumen de Gran Premio / FIA Official Data
2024,8,2024-05-26,monaco,Circuit de Monaco,Monaco,Monaco Grand Prix,Alta Densidad / Trabado,3.337,19,5.69,23.4,35.8,55.0,0,Caluroso,Charles Leclerc,Ferrari,Charles Leclerc,Ferrari,Lewis Hamilton,74.165,15.15,303,4,0.9,0.947,C3,C4,C5,0,0,1,BeyondGrid AI Resumen de Gran Premio / FIA Official Data
2024,9,2024-06-09,villeneuve,Circuit Gilles Villeneuve,Canada,Canadian Grand Prix,Media Densidad / Equilibrado,4.361,14,3.21,20.0,23.4,86.9,1,Lluvia / Pista Húmeda,Max Verstappen,Red Bull,George Russell,Mercedes,Lewis Hamilton,74.856,2.1,42,5,4.05,0.658,C3,C4,C5,2,0,0,BeyondGrid AI Resumen de Gran Premio / FIA Official Data
2024,10,2024-06-23,catalunya,Circuit de Barcelona-Catalunya,Spain,Spanish Grand Prix,Media Densidad / Equilibrado,4.657,14,3.01,28.6,45.5,40.5,0,Muy Caluroso,Max Verstappen,Red Bull,Lando Norris,McLaren,Lando Norris,77.115,2.1,42,0,1.5,0.947,C1,C2,C3,0,0,0,BeyondGrid AI Resumen de Gran Premio / FIA Official Data
2024,11,2024-06-30,red_bull_ring,Red Bull Ring,Austria,Austrian Grand Prix,Baja Densidad / Rapido,4.318,10,2.32,28.6,41.5,46.1,0,Muy Caluroso,George Russell,Mercedes,Max Verstappen,Red Bull,Fernando Alonso,67.694,2.25,45,0,3.2,0.641,C3,C4,C5,0,1,0,BeyondGrid AI Resumen de Gran Premio / FIA Official Data
2024,12,2024-07-07,silverstone,Silverstone Circuit,UK,British Grand Prix,Media Densidad / Equilibrado,5.891,18,3.06,18.7,19.8,80.9,1,Lluvia / Pista Húmeda,Lewis Hamilton,Mercedes,George Russell,Mercedes,Carlos Sainz,88.293,2.25,45,2,2.6,0.686,C1,C2,C3,0,0,0,BeyondGrid AI Resumen de Gran Premio / FIA Official Data
2024,13,2024-07-21,hungaroring,Hungaroring,Hungary,Hungarian Grand Prix,Media Densidad / Equilibrado,4.381,14,3.2,34.9,52.5,52.3,0,Muy Caluroso,Oscar Piastri,McLaren,Lando Norris,McLaren,George Russell,80.305,2.0,40,1,2.5,0.818,C3,C4,C5,0,0,0,BeyondGrid AI Resumen de Gran Premio / FIA Official Data
2024,14,2024-07-28,spa,Circuit de Spa-Francorchamps,Belgium,Belgian Grand Prix,Baja Densidad / Rapido,7.004,19,2.71,22.3,34.8,56.9,0,Caluroso,Lewis Hamilton,Mercedes,Max Verstappen,Red Bull,Sergio Perez,104.701,1.7,34,2,2.8,0.737,C2,C3,C4,0,0,0,BeyondGrid AI Resumen de Gran Premio / FIA Official Data
2024,15,2024-08-25,zandvoort,Circuit Park Zandvoort,Netherlands,Dutch Grand Prix,Media Densidad / Equilibrado,4.259,14,3.29,25.8,39.5,56.9,0,Caluroso,Lando Norris,McLaren,Lando Norris,McLaren,Lando Norris,73.817,1.3,26,0,2.5,0.847,C1,C2,C3,0,0,0,BeyondGrid AI Resumen de Gran Premio / FIA Official Data
2024,16,2024-09-01,monza,Autodromo Nazionale di Monza,Italy,Italian Grand Prix,Baja Densidad / Rapido,5.793,11,1.9,24.6,34.9,51.2,0,Caluroso,Charles Leclerc,Ferrari,Lando Norris,McLaren,Lando Norris,81.432,1.5,30,1,2.1,0.878,C3,C4,C5,0,0,0,BeyondGrid AI Resumen de Gran Premio / FIA Official Data
2024,17,2024-09-15,baku,Baku City Circuit,Azerbaijan,Azerbaijan Grand Prix,Media Densidad / Equilibrado,6.003,20,3.33,22.9,35.4,46.7,0,Caluroso,Oscar Piastri,McLaren,Charles Leclerc,Ferrari,Lando Norris,105.255,1.1,22,4,4.45,0.379,C3,C4,C5,0,1,0,BeyondGrid AI Resumen de Gran Premio / FIA Official Data
2024,18,2024-09-22,marina_bay,Marina Bay Street Circuit,Singapore,Singapore Grand Prix,Alta Densidad / Trabado,4.94,19,3.85,30.6,43.0,75.5,0,Muy Caluroso,Lando Norris,McLaren,Lando Norris,McLaren,Daniel Ricciardo,94.486,1.15,23,2,2.7,0.826,C3,C4,C5,0,0,0,BeyondGrid AI Resumen de Gran Premio / FIA Official Data
2024,19,2024-10-20,americas,Circuit of the Americas,USA,United States Grand Prix,Alta Densidad / Trabado,5.513,20,3.63,23.7,36.5,51.4,0,Caluroso,Charles Leclerc,Ferrari,Lando Norris,McLaren,Esteban Ocon,97.33,1.15,23,1,3.8,0.62,C2,C3,C4,1,0,0,BeyondGrid AI Resumen de Gran Premio / FIA Official Data
2024,20,2024-10-27,rodriguez,Autodromo Hermanos Rodriguez,Mexico,Mexico City Grand Prix,Alta Densidad / Trabado,4.304,17,3.95,24.7,32.8,65.0,0,Caluroso,Carlos Sainz,Ferrari,Carlos Sainz,Ferrari,Charles Leclerc,78.336,1.05,21,3,3.4,0.683,C3,C4,C5,1,0,0,BeyondGrid AI Resumen de Gran Premio / FIA Official Data
2024,21,2024-11-03,interlagos,Autodromo Jose Carlos Pace,Brazil,Sao Paulo Grand Prix,Media Densidad / Equilibrado,4.309,15,3.48,17.3,19.7,97.1,1,Lluvia / Pista Húmeda,Max Verstappen,Red Bull,Lando Norris,McLaren,Max Verstappen,80.472,1.75,35,5,4.55,0.452,C3,C4,C5,0,0,0,BeyondGrid AI Resumen de Gran Premio / FIA Official Data
2024,22,2024-11-23,vegas,Las Vegas Strip Street Circuit,United States,Las Vegas Grand Prix,Baja Densidad / Rapido,6.201,17,2.74,17.7,21.6,31.6,0,Templado / Fresco,George Russell,Mercedes,George Russell,Mercedes,Lando Norris,94.876,1.95,39,2,3.0,0.624,C3,C4,C5,0,0,0,BeyondGrid AI Resumen de Gran Premio / FIA Official Data
2024,23,2024-12-01,losail,Losail International Circuit,Qatar,Qatar Grand Prix,Media Densidad / Equilibrado,5.419,16,2.95,30.9,40.6,51.6,0,Muy Caluroso,Max Verstappen,Red Bull,Max Verstappen,Red Bull,Lando Norris,82.384,3.0,60,5,2.7,0.811,C1,C2,C3,3,0,0,BeyondGrid AI Resumen de Gran Premio / FIA Official Data
2024,24,2024-12-08,yas_marina,Yas Marina Circuit,UAE,Abu Dhabi Grand Prix,Media Densidad / Equilibrado,5.281,16,3.03,29.6,43.0,58.1,0,Muy Caluroso,Lando Norris,McLaren,Lando Norris,McLaren,Kevin Magnussen,85.637,1.4,28,4,4.2,0.439,C3,C4,C5,0,1,0,BeyondGrid AI Resumen de Gran Premio / FIA Official Data
2025,1,2025-03-16,albert_park,Albert Park Grand Prix Circuit,Australia,Australian Grand Prix,Baja Densidad / Rapido,5.278,14,2.65,15.7,18.9,78.4,1,Lluvia / Pista Húmeda,Lando Norris,McLaren,Lando Norris,McLaren,Lando Norris,82.167,4.1,82,6,4.7,0.489,C3,C4,C5,3,0,0,BeyondGrid AI Resumen de Gran Premio / FIA Official Data
2025,2,2025-03-23,shanghai,Shanghai International Circuit,China,Chinese Grand Prix,Media Densidad / Equilibrado,5.451,16,2.94,27.2,35.8,18.2,0,Caluroso,Oscar Piastri,McLaren,Oscar Piastri,McLaren,Lewis Hamilton,95.069,1.25,25,4,4.9,0.442,C2,C3,C4,0,0,0,BeyondGrid AI Resumen de Gran Premio / FIA Official Data
2025,3,2025-04-06,suzuka,Suzuka Circuit,Japan,Japanese Grand Prix,Media Densidad / Equilibrado,5.807,18,3.1,14.4,20.5,76.4,0,Templado / Fresco,Max Verstappen,Red Bull,Max Verstappen,Red Bull,Andrea Kimi Antonelli,90.965,1.05,21,0,0.9,0.964,C1,C2,C3,0,0,0,BeyondGrid AI Resumen de Gran Premio / FIA Official Data
2025,4,2025-04-13,bahrain,Bahrain International Circuit,Bahrain,Bahrain Grand Prix,Baja Densidad / Rapido,5.412,15,2.77,27.1,31.9,45.3,0,Caluroso,Oscar Piastri,McLaren,Oscar Piastri,McLaren,Oscar Piastri,95.14,2.1,42,2,3.2,0.716,C1,C2,C3,1,0,0,BeyondGrid AI Resumen de Gran Premio / FIA Official Data
2025,5,2025-04-20,jeddah,Jeddah Corniche Circuit,Saudi Arabia,Saudi Arabian Grand Prix,Alta Densidad / Trabado,6.174,27,4.37,29.5,37.8,62.7,0,Caluroso,Oscar Piastri,McLaren,Max Verstappen,Red Bull,Lando Norris,91.778,0.95,19,2,2.8,0.732,C2,C3,C4,1,0,0,BeyondGrid AI Resumen de Gran Premio / FIA Official Data
2025,6,2025-05-04,miami,Miami International Autodrome,USA,Miami Grand Prix,Alta Densidad / Trabado,5.412,19,3.51,26.6,38.7,63.0,1,Lluvia / Pista Húmeda,Oscar Piastri,McLaren,Max Verstappen,Red Bull,Lando Norris,89.746,0.9,18,4,2.5,0.853,C2,C3,C4,0,3,0,BeyondGrid AI Resumen de Gran Premio / FIA Official Data
2025,7,2025-05-18,imola,Autodromo Enzo e Dino Ferrari,Italy,Emilia Romagna Grand Prix,Alta Densidad / Trabado,4.909,19,3.87,24.0,42.7,38.3,0,Muy Caluroso,Max Verstappen,Red Bull,Oscar Piastri,McLaren,Max Verstappen,77.988,1.85,37,2,3.6,0.698,C3,C4,C5,1,1,0,BeyondGrid AI Resumen de Gran Premio / FIA Official Data
2025,8,2025-05-25,monaco,Circuit de Monaco,Monaco,Monaco Grand Prix,Alta Densidad / Trabado,3.337,19,5.69,22.2,43.3,52.5,0,Muy Caluroso,Lando Norris,McLaren,Lando Norris,McLaren,Lando Norris,73.221,2.0,40,2,2.8,0.738,C3,C4,C5,0,1,0,BeyondGrid AI Resumen de Gran Premio / FIA Official Data
2025,9,2025-06-01,catalunya,Circuit de Barcelona-Catalunya,Spain,Spanish Grand Prix,Media Densidad / Equilibrado,4.657,14,3.01,29.1,48.5,54.6,0,Muy Caluroso,Oscar Piastri,McLaren,Oscar Piastri,McLaren,Oscar Piastri,75.743,2.84,54,2,3.26,0.609,C1,C2,C3,1,0,0,BeyondGrid AI Resumen de Gran Premio / FIA Official Data
2025,10,2025-06-15,villeneuve,Circuit Gilles Villeneuve,Canada,Canadian Grand Prix,Media Densidad / Equilibrado,4.361,14,3.21,24.0,49.3,28.0,1,Lluvia / Pista Húmeda,George Russell,Mercedes,George Russell,Mercedes,George Russell,74.119,4.1,82,3,3.2,0.687,C3,C4,C5,1,0,0,BeyondGrid AI Resumen de Gran Premio / FIA Official Data
2025,11,2025-06-29,red_bull_ring,Red Bull Ring,Austria,Austrian Grand Prix,Baja Densidad / Rapido,4.318,10,2.32,30.3,49.2,32.0,0,Muy Caluroso,Lando Norris,McLaren,Lando Norris,McLaren,Oscar Piastri,67.924,1.6,32,4,3.2,0.647,C3,C4,C5,1,0,0,BeyondGrid AI Resumen de Gran Premio / FIA Official Data
2025,12,2025-07-06,silverstone,Silverstone Circuit,UK,British Grand Prix,Media Densidad / Equilibrado,5.891,18,3.06,17.9,23.6,78.4,1,Lluvia / Pista Húmeda,Lando Norris,McLaren,Max Verstappen,Red Bull,Oscar Piastri,89.337,1.75,35,5,4.4,0.499,C1,C2,C3,2,2,0,BeyondGrid AI Resumen de Gran Premio / FIA Official Data
2025,13,2025-07-27,spa,Circuit de Spa-Francorchamps,Belgium,Belgian Grand Prix,Baja Densidad / Rapido,7.004,19,2.71,17.0,24.1,84.4,1,Lluvia / Pista Húmeda,Oscar Piastri,McLaren,Lando Norris,McLaren,Andrea Kimi Antonelli,104.861,1.3,26,0,2.9,0.717,C2,C3,C4,1,0,0,BeyondGrid AI Resumen de Gran Premio / FIA Official Data
2025,14,2025-08-03,hungaroring,Hungaroring,Hungary,Hungarian Grand Prix,Media Densidad / Equilibrado,4.381,14,3.2,22.0,32.0,57.1,0,Caluroso,Lando Norris,McLaren,Charles Leclerc,Ferrari,George Russell,79.409,1.45,29,1,2.3,0.848,C3,C4,C5,0,0,0,BeyondGrid AI Resumen de Gran Premio / FIA Official Data
2025,15,2025-08-31,zandvoort,Circuit Park Zandvoort,Netherlands,Dutch Grand Prix,Media Densidad / Equilibrado,4.259,14,3.29,20.1,28.0,71.2,0,Templado / Fresco,Oscar Piastri,McLaren,Oscar Piastri,McLaren,Oscar Piastri,72.271,2.0,40,3,6.0,0.084,C1,C2,C3,3,1,0,BeyondGrid AI Resumen de Gran Premio / FIA Official Data
2025,16,2025-09-07,monza,Autodromo Nazionale di Monza,Italy,Italian Grand Prix,Baja Densidad / Rapido,5.793,11,1.9,26.8,43.3,42.6,0,Muy Caluroso,Max Verstappen,Red Bull,Max Verstappen,Red Bull,Lando Norris,80.901,0.95,19,2,3.0,0.701,C3,C4,C5,0,0,0,BeyondGrid AI Resumen de Gran Premio / FIA Official Data
2025,17,2025-09-21,baku,Baku City Circuit,Azerbaijan,Azerbaijan Grand Prix,Media Densidad / Equilibrado,6.003,20,3.33,20.6,26.1,59.8,0,Templado / Fresco,Max Verstappen,Red Bull,Max Verstappen,Red Bull,Max Verstappen,103.388,1.05,21,1,2.6,0.792,C3,C4,C5,1,0,0,BeyondGrid AI Resumen de Gran Premio / FIA Official Data
2025,18,2025-10-05,marina_bay,Marina Bay Street Circuit,Singapore,Singapore Grand Prix,Alta Densidad / Trabado,4.94,19,3.85,29.1,33.9,74.4,1,Lluvia / Pista Húmeda,George Russell,Mercedes,George Russell,Mercedes,Lewis Hamilton,93.808,1.15,23,0,2.3,0.824,C3,C4,C5,0,0,0,BeyondGrid AI Resumen de Gran Premio / FIA Official Data
2025,19,2025-10-19,americas,Circuit of the Americas,USA,United States Grand Prix,Alta Densidad / Trabado,5.513,20,3.63,28.3,45.0,22.5,0,Muy Caluroso,Max Verstappen,Red Bull,Max Verstappen,Red Bull,Andrea Kimi Antonelli,97.577,1.05,21,1,2.9,0.753,C2,C3,C4,0,1,0,BeyondGrid AI Resumen de Gran Premio / FIA Official Data
2025,20,2025-10-26,rodriguez,Autodromo Hermanos Rodriguez,Mexico,Mexico City Grand Prix,Alta Densidad / Trabado,4.304,17,3.95,26.4,50.6,23.2,0,Muy Caluroso,Lando Norris,McLaren,Lando Norris,McLaren,George Russell,80.052,1.35,27,4,3.4,0.767,C3,C4,C5,0,1,0,BeyondGrid AI Resumen de Gran Premio / FIA Official Data
2025,21,2025-11-09,interlagos,Autodromo Jose Carlos Pace,Brazil,Sao Paulo Grand Prix,Media Densidad / Equilibrado,4.309,15,3.48,17.3,30.7,70.6,0,Caluroso,Lando Norris,McLaren,Lando Norris,McLaren,Alexander Albon,72.4,1.85,37,3,3.3,0.516,C3,C4,C5,0,0,0,BeyondGrid AI Resumen de Gran Premio / FIA Official Data
2025,22,2025-11-23,vegas,Las Vegas Strip Street Circuit,United States,Las Vegas Grand Prix,Baja Densidad / Rapido,6.201,17,2.74,16.7,19.5,37.8,0,Templado / Fresco,Max Verstappen,Red Bull,Lando Norris,McLaren,Max Verstappen,93.365,1.15,23,5,5.6,0.141,C3,C4,C5,0,2,0,BeyondGrid AI Resumen de Gran Premio / FIA Official Data
2025,23,2025-11-30,losail,Losail International Circuit,Qatar,Qatar Grand Prix,Media Densidad / Equilibrado,5.419,16,2.95,22.6,28.2,69.0,0,Templado / Fresco,Max Verstappen,Red Bull,Oscar Piastri,McLaren,Oscar Piastri,82.996,2.05,41,4,9.5,,C1,C2,C3,1,0,0,BeyondGrid AI Resumen de Gran Premio / FIA Official Data
2025,24,2025-12-07,yas_marina,Yas Marina Circuit,UAE,Abu Dhabi Grand Prix,Media Densidad / Equilibrado,5.281,16,3.03,26.7,31.1,60.4,0,Caluroso,Max Verstappen,Red Bull,Max Verstappen,Red Bull,Charles Leclerc,86.725,1.35,27,0,2.6,0.774,C3,C4,C5,0,0,0,BeyondGrid AI Resumen de Gran Premio / FIA Official Data
